"","bday","ht","stom_d","sla","wood_den","cn","sp_in"
"1",13,4,307.2255837,23.1773275862069,2.82051282051282,13.8554328188221,1
"2",15,4,307.2255837,23.1773275862069,2.82051282051282,13.8554328188221,1
"3",20,4,307.2255837,23.1773275862069,2.82051282051282,13.8554328188221,1
"4",24,4,307.2255837,23.1773275862069,2.82051282051282,13.8554328188221,1
"5",18,4,307.2255837,23.1773275862069,2.82051282051282,13.8554328188221,1
"6",17,4,307.2255837,23.1773275862069,2.82051282051282,13.8554328188221,1
"7",14,4,307.2255837,23.1773275862069,2.82051282051282,13.8554328188221,1
"8",26,4,307.2255837,23.1773275862069,2.82051282051282,13.8554328188221,1
"9",33,4,307.2255837,23.1773275862069,2.82051282051282,13.8554328188221,1
"10",13,4,307.2255837,23.1773275862069,2.82051282051282,13.8554328188221,1
"11",13,4,307.2255837,23.1773275862069,2.82051282051282,13.8554328188221,1
"12",9,3,277.1709071,50.5075,2.32142857142857,14.6969557709412,1
"13",20,3,277.1709071,50.5075,2.32142857142857,14.6969557709412,1
"14",13,3,277.1709071,50.5075,2.32142857142857,14.6969557709412,1
"15",21,3,277.1709071,50.5075,2.32142857142857,14.6969557709412,1
"17",27,3,277.1709071,50.5075,2.32142857142857,14.6969557709412,1
"18",13,3,277.1709071,50.5075,2.32142857142857,14.6969557709412,1
"19",14,3,277.1709071,50.5075,2.32142857142857,14.6969557709412,1
"20",24,3,277.1709071,50.5075,2.32142857142857,14.6969557709412,1
"21",8,3,277.1709071,50.5075,2.32142857142857,14.6969557709412,1
"22",8,3,277.1709071,50.5075,2.32142857142857,14.6969557709412,1
"23",13,0.96,166.9704259,52.5652941176471,1.8989898989899,17.3985392383174,1
"24",13,0.96,166.9704259,52.5652941176471,1.8989898989899,17.3985392383174,1
"25",13,0.96,166.9704259,52.5652941176471,1.8989898989899,17.3985392383174,1
"26",20,0.96,166.9704259,52.5652941176471,1.8989898989899,17.3985392383174,1
"27",8,0.96,166.9704259,52.5652941176471,1.8989898989899,17.3985392383174,1
"28",21,0.96,166.9704259,52.5652941176471,1.8989898989899,17.3985392383174,1
"29",3,0.96,166.9704259,52.5652941176471,1.8989898989899,17.3985392383174,1
"30",20,0.96,166.9704259,52.5652941176471,1.8989898989899,17.3985392383174,1
"31",18,0.96,166.9704259,52.5652941176471,1.8989898989899,17.3985392383174,1
"32",13,0.96,166.9704259,52.5652941176471,1.8989898989899,17.3985392383174,1
"33",3,0.96,166.9704259,52.5652941176471,1.8989898989899,17.3985392383174,1
"34",14,0.75,561.0206312,37.3213636363636,2.2,18.0277744437103,1
"35",20,0.75,561.0206312,37.3213636363636,2.2,18.0277744437103,1
"36",18,0.75,561.0206312,37.3213636363636,2.2,18.0277744437103,1
"37",3,0.75,561.0206312,37.3213636363636,2.2,18.0277744437103,1
"38",21,0.75,561.0206312,37.3213636363636,2.2,18.0277744437103,1
"40",9,0.75,561.0206312,37.3213636363636,2.2,18.0277744437103,1
"41",13,0.75,561.0206312,37.3213636363636,2.2,18.0277744437103,1
"42",8,0.75,561.0206312,37.3213636363636,2.2,18.0277744437103,1
"43",13,0.75,561.0206312,37.3213636363636,2.2,18.0277744437103,1
"44",13,0.75,561.0206312,37.3213636363636,2.2,18.0277744437103,1
"56",18,7.94,353.4641262,31.206091954023,2,26.7642290485155,1
"57",20,7.94,353.4641262,31.206091954023,2,26.7642290485155,1
"58",18,7.94,353.4641262,31.206091954023,2,26.7642290485155,1
"59",21,7.94,353.4641262,31.206091954023,2,26.7642290485155,1
"60",13,7.94,353.4641262,31.206091954023,2,26.7642290485155,1
"61",8,7.94,353.4641262,31.206091954023,2,26.7642290485155,1
"62",9,7.94,353.4641262,31.206091954023,2,26.7642290485155,1
"63",8,7.94,353.4641262,31.206091954023,2,26.7642290485155,1
"64",13,7.94,353.4641262,31.206091954023,2,26.7642290485155,1
"65",20,7.94,353.4641262,31.206091954023,2,26.7642290485155,1
"66",13,7.94,353.4641262,31.206091954023,2,26.7642290485155,1
"67",23,11.43,341.511233,32.8449382716049,1.84313725490196,28.8755417900143,1
"68",24,11.43,341.511233,32.8449382716049,1.84313725490196,28.8755417900143,1
"69",16,11.43,341.511233,32.8449382716049,1.84313725490196,28.8755417900143,1
"70",13,11.43,341.511233,32.8449382716049,1.84313725490196,28.8755417900143,1
"71",39,11.43,341.511233,32.8449382716049,1.84313725490196,28.8755417900143,1
"72",32,11.43,341.511233,32.8449382716049,1.84313725490196,28.8755417900143,1
"73",14,11.43,341.511233,32.8449382716049,1.84313725490196,28.8755417900143,1
"74",27,11.43,341.511233,32.8449382716049,1.84313725490196,28.8755417900143,1
"75",17,11.43,341.511233,32.8449382716049,1.84313725490196,28.8755417900143,1
"76",17,11.43,341.511233,32.8449382716049,1.84313725490196,28.8755417900143,1
"77",26,11.43,341.511233,32.8449382716049,1.84313725490196,28.8755417900143,1
"78",27,4,414.9361481,26.316017699115,2.06818181818182,19.3924635445631,1
"79",13,4,414.9361481,26.316017699115,2.06818181818182,19.3924635445631,1
"80",32,4,414.9361481,26.316017699115,2.06818181818182,19.3924635445631,1
"81",13,4,414.9361481,26.316017699115,2.06818181818182,19.3924635445631,1
"82",15,4,414.9361481,26.316017699115,2.06818181818182,19.3924635445631,1
"83",39,4,414.9361481,26.316017699115,2.06818181818182,19.3924635445631,1
"84",13,4,414.9361481,26.316017699115,2.06818181818182,19.3924635445631,1
"85",13,4,414.9361481,26.316017699115,2.06818181818182,19.3924635445631,1
"86",14,4,414.9361481,26.316017699115,2.06818181818182,19.3924635445631,1
"87",24,4,414.9361481,26.316017699115,2.06818181818182,19.3924635445631,1
"88",18,4,414.9361481,26.316017699115,2.06818181818182,19.3924635445631,1
"133",44,13.72,404.2677948,17.9272727272727,2,34.624635333016,2
"134",30,13.72,404.2677948,17.9272727272727,2,34.624635333016,2
"135",31,13.72,404.2677948,17.9272727272727,2,34.624635333016,2
"136",56,13.72,404.2677948,17.9272727272727,2,34.624635333016,2
"137",30,13.72,404.2677948,17.9272727272727,2,34.624635333016,2
"138",20,13.72,404.2677948,17.9272727272727,2,34.624635333016,2
"139",54,13.72,404.2677948,17.9272727272727,2,34.624635333016,2
"140",68,13.72,404.2677948,17.9272727272727,2,34.624635333016,2
"143",22,13.72,404.2677948,17.9272727272727,2,34.624635333016,2
"144",22,12.02,102.7799478,13.892816091954,1.88059701492537,30.8421200536741,2
"145",17,12.02,102.7799478,13.892816091954,1.88059701492537,30.8421200536741,2
"146",27,12.02,102.7799478,13.892816091954,1.88059701492537,30.8421200536741,2
"147",39,12.02,102.7799478,13.892816091954,1.88059701492537,30.8421200536741,2
"148",43,12.02,102.7799478,13.892816091954,1.88059701492537,30.8421200536741,2
"150",13,12.02,102.7799478,13.892816091954,1.88059701492537,30.8421200536741,2
"151",23,12.02,102.7799478,13.892816091954,1.88059701492537,30.8421200536741,2
"152",39,12.02,102.7799478,13.892816091954,1.88059701492537,30.8421200536741,2
"153",23,12.02,102.7799478,13.892816091954,1.88059701492537,30.8421200536741,2
"154",24,12.02,102.7799478,13.892816091954,1.88059701492537,30.8421200536741,2
"155",13,11.82,171.2999131,14.6561654135338,1.71323529411765,29.9387880887611,2
"156",18,11.82,171.2999131,14.6561654135338,1.71323529411765,29.9387880887611,2
"157",13,11.82,171.2999131,14.6561654135338,1.71323529411765,29.9387880887611,2
"158",32,11.82,171.2999131,14.6561654135338,1.71323529411765,29.9387880887611,2
"159",16,11.82,171.2999131,14.6561654135338,1.71323529411765,29.9387880887611,2
"160",13,11.82,171.2999131,14.6561654135338,1.71323529411765,29.9387880887611,2
"161",14,11.82,171.2999131,14.6561654135338,1.71323529411765,29.9387880887611,2
"162",13,11.82,171.2999131,14.6561654135338,1.71323529411765,29.9387880887611,2
"163",33,11.82,171.2999131,14.6561654135338,1.71323529411765,29.9387880887611,2
"164",29,11.82,171.2999131,14.6561654135338,1.71323529411765,29.9387880887611,2
"165",15,11.82,171.2999131,14.6561654135338,1.71323529411765,29.9387880887611,2
"177",23,8.5,37.68598087,17.6126126126126,1.80246913580247,31.7618645378151,2
"178",53,8.5,37.68598087,17.6126126126126,1.80246913580247,31.7618645378151,2
"179",34,8.5,37.68598087,17.6126126126126,1.80246913580247,31.7618645378151,2
"180",20,8.5,37.68598087,17.6126126126126,1.80246913580247,31.7618645378151,2
"181",13,8.5,37.68598087,17.6126126126126,1.80246913580247,31.7618645378151,2
"182",17,8.5,37.68598087,17.6126126126126,1.80246913580247,31.7618645378151,2
"183",13,8.5,37.68598087,17.6126126126126,1.80246913580247,31.7618645378151,2
"184",33,8.5,37.68598087,17.6126126126126,1.80246913580247,31.7618645378151,2
"185",34,8.5,37.68598087,17.6126126126126,1.80246913580247,31.7618645378151,2
"211",9,13.86,85.64995653,28.5481609195402,1.66666666666667,23.7854049679475,2
"212",14,13.86,85.64995653,28.5481609195402,1.66666666666667,23.7854049679475,2
"213",16,13.86,85.64995653,28.5481609195402,1.66666666666667,23.7854049679475,2
"214",8,13.86,85.64995653,28.5481609195402,1.66666666666667,23.7854049679475,2
"215",17,13.86,85.64995653,28.5481609195402,1.66666666666667,23.7854049679475,2
"216",13,13.86,85.64995653,28.5481609195402,1.66666666666667,23.7854049679475,2
"217",33,13.86,85.64995653,28.5481609195402,1.66666666666667,23.7854049679475,2
"218",26,13.86,85.64995653,28.5481609195402,1.66666666666667,23.7854049679475,2
"219",32,13.86,85.64995653,28.5481609195402,1.66666666666667,23.7854049679475,2
"220",27,13.86,85.64995653,28.5481609195402,1.66666666666667,23.7854049679475,2
"221",33,13.5,54.81597218,26.6240243902439,1.5546218487395,24.8088091706805,2
"222",13,13.5,54.81597218,26.6240243902439,1.5546218487395,24.8088091706805,2
"223",33,13.5,54.81597218,26.6240243902439,1.5546218487395,24.8088091706805,2
"225",13,13.5,54.81597218,26.6240243902439,1.5546218487395,24.8088091706805,2
"226",34,13.5,54.81597218,26.6240243902439,1.5546218487395,24.8088091706805,2
"227",32,13.5,54.81597218,26.6240243902439,1.5546218487395,24.8088091706805,2
"229",23,13.5,54.81597218,26.6240243902439,1.5546218487395,24.8088091706805,2
"230",16,13.5,54.81597218,26.6240243902439,1.5546218487395,24.8088091706805,2
"232",15,19.72,174.7259113,29.2805263157895,1.98666666666667,24.1032591045131,2
"233",33,19.72,174.7259113,29.2805263157895,1.98666666666667,24.1032591045131,2
"234",14,19.72,174.7259113,29.2805263157895,1.98666666666667,24.1032591045131,2
"235",18,19.72,174.7259113,29.2805263157895,1.98666666666667,24.1032591045131,2
"236",20,19.72,174.7259113,29.2805263157895,1.98666666666667,24.1032591045131,2
"237",17,19.72,174.7259113,29.2805263157895,1.98666666666667,24.1032591045131,2
"238",27,19.72,174.7259113,29.2805263157895,1.98666666666667,24.1032591045131,2
"239",17,19.72,174.7259113,29.2805263157895,1.98666666666667,24.1032591045131,2
"240",8,19.72,174.7259113,29.2805263157895,1.98666666666667,24.1032591045131,2
"241",24,19.72,174.7259113,29.2805263157895,1.98666666666667,24.1032591045131,2
"242",16,19.72,174.7259113,29.2805263157895,1.98666666666667,24.1032591045131,2
"320",29,2.5,334.0348305,17.0800617283951,2.20430107526882,25.3241044257731,3
"321",44,2.5,334.0348305,17.0800617283951,2.20430107526882,25.3241044257731,3
"322",37,2.5,334.0348305,17.0800617283951,2.20430107526882,25.3241044257731,3
"323",52,2.5,334.0348305,17.0800617283951,2.20430107526882,25.3241044257731,3
"324",31,2.5,334.0348305,17.0800617283951,2.20430107526882,25.3241044257731,3
"325",41,2.5,334.0348305,17.0800617283951,2.20430107526882,25.3241044257731,3
"326",39,2.5,334.0348305,17.0800617283951,2.20430107526882,25.3241044257731,3
"327",27,2.5,334.0348305,17.0800617283951,2.20430107526882,25.3241044257731,3
"328",48,2.5,334.0348305,17.0800617283951,2.20430107526882,25.3241044257731,3
"329",68,2.5,334.0348305,17.0800617283951,2.20430107526882,25.3241044257731,3
"330",50,2.5,334.0348305,17.0800617283951,2.20430107526882,25.3241044257731,3
"331",24,1,238.1068791,21.7886046511628,1.79787234042553,20.5018859123677,3
"332",48,1,238.1068791,21.7886046511628,1.79787234042553,20.5018859123677,3
"333",68,1,238.1068791,21.7886046511628,1.79787234042553,20.5018859123677,3
"334",44,1,238.1068791,21.7886046511628,1.79787234042553,20.5018859123677,3
"335",31,1,238.1068791,21.7886046511628,1.79787234042553,20.5018859123677,3
"336",37,1,238.1068791,21.7886046511628,1.79787234042553,20.5018859123677,3
"337",22,1,238.1068791,21.7886046511628,1.79787234042553,20.5018859123677,3
"338",14,1,238.1068791,21.7886046511628,1.79787234042553,20.5018859123677,3
"339",30,1,238.1068791,21.7886046511628,1.79787234042553,20.5018859123677,3
"340",39,1,238.1068791,21.7886046511628,1.79787234042553,20.5018859123677,3
"341",34,1,238.1068791,21.7886046511628,1.79787234042553,20.5018859123677,3
"386",27,1.8,152.4569226,17.057311827957,1.94594594594595,20.5826506865577,4
"387",33,1.8,152.4569226,17.057311827957,1.94594594594595,20.5826506865577,4
"388",40,1.8,152.4569226,17.057311827957,1.94594594594595,20.5826506865577,4
"389",68,1.8,152.4569226,17.057311827957,1.94594594594595,20.5826506865577,4
"390",6,15.15,49.67697479,18.5032710280374,1.91666666666667,18.7262768265499,4
"391",20,15.15,49.67697479,18.5032710280374,1.91666666666667,18.7262768265499,4
"392",33,15.15,49.67697479,18.5032710280374,1.91666666666667,18.7262768265499,4
"393",26,15.15,49.67697479,18.5032710280374,1.91666666666667,18.7262768265499,4
"394",34,2.5,114.7709417,17.451654676259,1.9811320754717,18.8674298023749,4
"395",48,2.5,114.7709417,17.451654676259,1.9811320754717,18.8674298023749,4
"396",33,2.5,114.7709417,17.451654676259,1.9811320754717,18.8674298023749,4
"397",42,2.5,114.7709417,17.451654676259,1.9811320754717,18.8674298023749,4
"398",33,10.33,30.83398435,16.7012037037037,2.07894736842105,16.7045082391292,4
"399",18,10.33,30.83398435,16.7012037037037,2.07894736842105,16.7045082391292,4
"401",13,10.33,30.83398435,16.7012037037037,2.07894736842105,16.7045082391292,4
"402",34,4,59.95496957,30.0046376811594,2.28571428571429,15.3293074661818,4
"403",6,4,59.95496957,30.0046376811594,2.28571428571429,15.3293074661818,4
"404",33,4,59.95496957,30.0046376811594,2.28571428571429,15.3293074661818,4
"405",29,4,59.95496957,30.0046376811594,2.28571428571429,15.3293074661818,4
"406",40,1.5,32.54698348,20.7915887850467,2.05,21.2306016236148,4
"407",29,1.5,32.54698348,20.7915887850467,2.05,21.2306016236148,4
"408",39,1.5,32.54698348,20.7915887850467,2.05,21.2306016236148,4
"410",34,2.5,66.80696609,20.901726618705,1.89473684210526,15.4459190741065,4
"411",34,2.5,66.80696609,20.901726618705,1.89473684210526,15.4459190741065,4
"412",13,2.5,66.80696609,20.901726618705,1.89473684210526,15.4459190741065,4
"413",13,2.5,66.80696609,20.901726618705,1.89473684210526,15.4459190741065,4
"414",42,2,59.95496957,21.3048958333333,2.38888888888889,17.9895496441661,4
"415",27,2,59.95496957,21.3048958333333,2.38888888888889,17.9895496441661,4
"416",33,2,59.95496957,21.3048958333333,2.38888888888889,17.9895496441661,4
"417",12,2,59.95496957,21.3048958333333,2.38888888888889,17.9895496441661,4
"439",18,0.2,99.86015983,27.3904,1.59649122807018,14.1360754106377,5
"442",12,1.2,81.55246386,16.4852298850575,1.81818181818182,19.5371378410266,5
"443",13,1.2,81.55246386,16.4852298850575,1.81818181818182,19.5371378410266,5
"444",13,1.2,81.55246386,16.4852298850575,1.81818181818182,19.5371378410266,5
"445",12,1.2,81.55246386,16.4852298850575,1.81818181818182,19.5371378410266,5
"446",21,2.5,88.20980785,21.11,1.64197530864198,22.0534698263319,5
"447",12,2.5,88.20980785,21.11,1.64197530864198,22.0534698263319,5
"448",12,2.5,88.20980785,21.11,1.64197530864198,22.0534698263319,5
"449",13,2.5,88.20980785,21.11,1.64197530864198,22.0534698263319,5
"451",13,16,71.56644788,21.0766346153846,1.67241379310345,23.4714759180708,6
"452",24,16,71.56644788,21.0766346153846,1.67241379310345,23.4714759180708,6
"453",13,16,71.56644788,21.0766346153846,1.67241379310345,23.4714759180708,6
"454",39,16,71.56644788,21.0766346153846,1.67241379310345,23.4714759180708,6
"456",29,16,71.56644788,21.0766346153846,1.67241379310345,23.4714759180708,6
"457",9,16,71.56644788,21.0766346153846,1.67241379310345,23.4714759180708,6
"458",34,16,71.56644788,21.0766346153846,1.67241379310345,23.4714759180708,6
"459",14,16,71.56644788,21.0766346153846,1.67241379310345,23.4714759180708,6
"460",26,16,71.56644788,21.0766346153846,1.67241379310345,23.4714759180708,6
"461",26,13.1,133.1468798,14.7538547486034,1.69005847953216,24.9174984104037,6
"462",23,13.1,133.1468798,14.7538547486034,1.69005847953216,24.9174984104037,6
"463",13,13.1,133.1468798,14.7538547486034,1.69005847953216,24.9174984104037,6
"464",32,13.1,133.1468798,14.7538547486034,1.69005847953216,24.9174984104037,6
"465",34,13.1,133.1468798,14.7538547486034,1.69005847953216,24.9174984104037,6
"466",17,13.1,133.1468798,14.7538547486034,1.69005847953216,24.9174984104037,6
"467",23,13.1,133.1468798,14.7538547486034,1.69005847953216,24.9174984104037,6
"468",47,13.1,133.1468798,14.7538547486034,1.69005847953216,24.9174984104037,6
"469",14,13.1,133.1468798,14.7538547486034,1.69005847953216,24.9174984104037,6
"470",16,13.1,133.1468798,14.7538547486034,1.69005847953216,24.9174984104037,6
"471",24,13.1,133.1468798,14.7538547486034,1.69005847953216,24.9174984104037,6
"472",26,10.12,63.24476789,30.7093506493506,1.49612403100775,21.44188093585,6
"473",13,10.12,63.24476789,30.7093506493506,1.49612403100775,21.44188093585,6
"474",15,10.12,63.24476789,30.7093506493506,1.49612403100775,21.44188093585,6
"475",27,10.12,63.24476789,30.7093506493506,1.49612403100775,21.44188093585,6
"476",24,10.12,63.24476789,30.7093506493506,1.49612403100775,21.44188093585,6
"477",32,10.12,63.24476789,30.7093506493506,1.49612403100775,21.44188093585,6
"478",14,10.12,63.24476789,30.7093506493506,1.49612403100775,21.44188093585,6
"479",13,10.12,63.24476789,30.7093506493506,1.49612403100775,21.44188093585,6
"480",13,10.12,63.24476789,30.7093506493506,1.49612403100775,21.44188093585,6
"481",16,10.12,63.24476789,30.7093506493506,1.49612403100775,21.44188093585,6
"482",33,10.12,63.24476789,30.7093506493506,1.49612403100775,21.44188093585,6
"582",32,1.4,108.1818398,52.065,1.80952380952381,18.1054320362805,7
"583",39,1.4,108.1818398,52.065,1.80952380952381,18.1054320362805,7
"584",29,1.4,108.1818398,52.065,1.80952380952381,18.1054320362805,7
"585",29,1.4,108.1818398,52.065,1.80952380952381,18.1054320362805,7
"586",32,12,93.20281584,48.3704166666667,1.7,17.8963655240411,7
"587",21,12,93.20281584,48.3704166666667,1.7,17.8963655240411,7
"588",34,12,93.20281584,48.3704166666667,1.7,17.8963655240411,7
"589",26,12,93.20281584,48.3704166666667,1.7,17.8963655240411,7
"590",26,8.5,133.1468798,34.9485897435897,1.96428571428571,19.7604924695976,7
"591",27,8.5,133.1468798,34.9485897435897,1.96428571428571,19.7604924695976,7
"592",32,8.5,133.1468798,34.9485897435897,1.96428571428571,19.7604924695976,7
"593",47,8.5,133.1468798,34.9485897435897,1.96428571428571,19.7604924695976,7
"594",27,20.75,81.55246386,49.3679245283019,1.72222222222222,19.4507341437861,7
"595",20,20.75,81.55246386,49.3679245283019,1.72222222222222,19.4507341437861,7
"596",26,20.75,81.55246386,49.3679245283019,1.72222222222222,19.4507341437861,7
"597",33,20.75,81.55246386,49.3679245283019,1.72222222222222,19.4507341437861,7
"606",21,1,91.53847984,24.7159782608696,1.79569892473118,22.8064761068613,8
"607",13,1,91.53847984,24.7159782608696,1.79569892473118,22.8064761068613,8
"608",32,1,91.53847984,24.7159782608696,1.79569892473118,22.8064761068613,8
"609",13,1,91.53847984,24.7159782608696,1.79569892473118,22.8064761068613,8
"610",14,1,91.53847984,24.7159782608696,1.79569892473118,22.8064761068613,8
"611",9,1,91.53847984,24.7159782608696,1.79569892473118,22.8064761068613,8
"612",17,1,91.53847984,24.7159782608696,1.79569892473118,22.8064761068613,8
"613",23,1,91.53847984,24.7159782608696,1.79569892473118,22.8064761068613,8
"614",13,1,91.53847984,24.7159782608696,1.79569892473118,22.8064761068613,8
"615",18,1,91.53847984,24.7159782608696,1.79569892473118,22.8064761068613,8
"616",18,1,91.53847984,24.7159782608696,1.79569892473118,22.8064761068613,8
"617",15,9.75,94.86715184,24.25,1.60144927536232,22.8314040356901,8
"618",17,9.75,94.86715184,24.25,1.60144927536232,22.8314040356901,8
"619",20,9.75,94.86715184,24.25,1.60144927536232,22.8314040356901,8
"620",8,9.75,94.86715184,24.25,1.60144927536232,22.8314040356901,8
"621",8,9.75,94.86715184,24.25,1.60144927536232,22.8314040356901,8
"622",21,9.75,94.86715184,24.25,1.60144927536232,22.8314040356901,8
"623",13,9.75,94.86715184,24.25,1.60144927536232,22.8314040356901,8
"624",18,9.75,94.86715184,24.25,1.60144927536232,22.8314040356901,8
"625",13,9.75,94.86715184,24.25,1.60144927536232,22.8314040356901,8
"626",13,9.75,94.86715184,24.25,1.60144927536232,22.8314040356901,8
"627",14,9.75,94.86715184,24.25,1.60144927536232,22.8314040356901,8
"630",13,2,109.8461758,14.567380952381,1.74528301886792,24.5879895759207,8
"631",21,2,109.8461758,14.567380952381,1.74528301886792,24.5879895759207,8
"632",26,2,109.8461758,14.567380952381,1.74528301886792,24.5879895759207,8
"633",29,2,109.8461758,14.567380952381,1.74528301886792,24.5879895759207,8
"634",13,2,109.8461758,14.567380952381,1.74528301886792,24.5879895759207,8
"635",17,2,109.8461758,14.567380952381,1.74528301886792,24.5879895759207,8
"636",15,2,109.8461758,14.567380952381,1.74528301886792,24.5879895759207,8
"637",13,2,109.8461758,14.567380952381,1.74528301886792,24.5879895759207,8
"638",13,2,109.8461758,14.567380952381,1.74528301886792,24.5879895759207,8
"650",22,2,78.22379186,14.5682474226804,1.85714285714286,22.8796147833733,8
"651",13,2,78.22379186,14.5682474226804,1.85714285714286,22.8796147833733,8
"652",18,2,78.22379186,14.5682474226804,1.85714285714286,22.8796147833733,8
"653",15,2,78.22379186,14.5682474226804,1.85714285714286,22.8796147833733,8
"654",13,2,78.22379186,14.5682474226804,1.85714285714286,22.8796147833733,8
"655",33,2,78.22379186,14.5682474226804,1.85714285714286,22.8796147833733,8
"656",16,2,78.22379186,14.5682474226804,1.85714285714286,22.8796147833733,8
"658",13,2,78.22379186,14.5682474226804,1.85714285714286,22.8796147833733,8
"659",27,2,78.22379186,14.5682474226804,1.85714285714286,22.8796147833733,8
"660",32,2,78.22379186,14.5682474226804,1.85714285714286,22.8796147833733,8
"673",21,8,73.23078387,24.2504201680672,1.5679012345679,19.4776969491101,8
"674",13,8,73.23078387,24.2504201680672,1.5679012345679,19.4776969491101,8
"675",13,8,73.23078387,24.2504201680672,1.5679012345679,19.4776969491101,8
"676",14,8,73.23078387,24.2504201680672,1.5679012345679,19.4776969491101,8
"677",9,8,73.23078387,24.2504201680672,1.5679012345679,19.4776969491101,8
"678",8,8,73.23078387,24.2504201680672,1.5679012345679,19.4776969491101,8
"679",13,8,73.23078387,24.2504201680672,1.5679012345679,19.4776969491101,8
"680",13,8,73.23078387,24.2504201680672,1.5679012345679,19.4776969491101,8
"681",18,8,73.23078387,24.2504201680672,1.5679012345679,19.4776969491101,8
"682",20,8,73.23078387,24.2504201680672,1.5679012345679,19.4776969491101,8
"705",18,8.5,69.90211188,24.1303174603175,1.32876712328767,18.7042536298906,8
"706",15,8.5,69.90211188,24.1303174603175,1.32876712328767,18.7042536298906,8
"707",21,8.5,69.90211188,24.1303174603175,1.32876712328767,18.7042536298906,8
"708",23,8.5,69.90211188,24.1303174603175,1.32876712328767,18.7042536298906,8
"709",13,8.5,69.90211188,24.1303174603175,1.32876712328767,18.7042536298906,8
"710",20,8.5,69.90211188,24.1303174603175,1.32876712328767,18.7042536298906,8
"711",16,8.5,69.90211188,24.1303174603175,1.32876712328767,18.7042536298906,8
"712",14,8.5,69.90211188,24.1303174603175,1.32876712328767,18.7042536298906,8
"713",26,8.5,69.90211188,24.1303174603175,1.32876712328767,18.7042536298906,8
"714",50,8.5,69.90211188,24.1303174603175,1.32876712328767,18.7042536298906,8
"715",13,8.5,69.90211188,24.1303174603175,1.32876712328767,18.7042536298906,8
"739",27,1.5,74.89511987,41.0914285714286,1.92,17.974649021836,9
"741",33,1.5,74.89511987,41.0914285714286,1.92,17.974649021836,9
"742",13,0.75,39.94406393,28.5537931034483,1.85135135135135,19.2753140158632,9
"743",20,0.75,39.94406393,28.5537931034483,1.85135135135135,19.2753140158632,9
"744",6,0.75,39.94406393,28.5537931034483,1.85135135135135,19.2753140158632,9
"745",18,0.75,39.94406393,28.5537931034483,1.85135135135135,19.2753140158632,9
"746",33,1.4,54.9230879,37.6149122807018,2.175,19.382228001372,9
"747",13,1.4,54.9230879,37.6149122807018,2.175,19.382228001372,9
"748",20,1.4,54.9230879,37.6149122807018,2.175,19.382228001372,9
"749",18,1.4,54.9230879,37.6149122807018,2.175,19.382228001372,9
"750",18,1.6,111.5105118,33.9222784810127,2.15151515151515,16.9749817523054,9
"751",20,1.6,111.5105118,33.9222784810127,2.15151515151515,16.9749817523054,9
"752",27,1.6,111.5105118,33.9222784810127,2.15151515151515,16.9749817523054,9
"753",33,1.6,111.5105118,33.9222784810127,2.15151515151515,16.9749817523054,9
"758",29,2,101.5244958,33.8397101449275,2.18181818181818,17.6650756721466,9
"759",20,2,101.5244958,33.8397101449275,2.18181818181818,17.6650756721466,9
"760",33,2,101.5244958,33.8397101449275,2.18181818181818,17.6650756721466,9
"761",27,2,101.5244958,33.8397101449275,2.18181818181818,17.6650756721466,9
"770",18,9.5,61.58043189,28.9060909090909,2.11428571428571,18.5717145144351,9
"771",21,9.5,61.58043189,28.9060909090909,2.11428571428571,18.5717145144351,9
"772",32,9.5,61.58043189,28.9060909090909,2.11428571428571,18.5717145144351,9
"773",6,9.5,61.58043189,28.9060909090909,2.11428571428571,18.5717145144351,9
"786",42,5,366.1539194,24.165905511811,1.94736842105263,27.2722675467977,10
"787",12,5,366.1539194,24.165905511811,1.94736842105263,27.2722675467977,10
"788",43,5,366.1539194,24.165905511811,1.94736842105263,27.2722675467977,10
"789",82,5,366.1539194,24.165905511811,1.94736842105263,27.2722675467977,10
"790",44,5,366.1539194,24.165905511811,1.94736842105263,27.2722675467977,10
"791",24,5,366.1539194,24.165905511811,1.94736842105263,27.2722675467977,10
"792",50,5,366.1539194,24.165905511811,1.94736842105263,27.2722675467977,10
"793",44,5,366.1539194,24.165905511811,1.94736842105263,27.2722675467977,10
"794",37,5,366.1539194,24.165905511811,1.94736842105263,27.2722675467977,10
"795",30,5,366.1539194,24.165905511811,1.94736842105263,27.2722675467977,10
"796",27,5,366.1539194,24.165905511811,1.94736842105263,27.2722675467977,10
"797",38,2.42,436.0560312,36.0928,1.44059405940594,20.5306509900493,10
"799",82,2.42,436.0560312,36.0928,1.44059405940594,20.5306509900493,10
"801",52,2.42,436.0560312,36.0928,1.44059405940594,20.5306509900493,10
"802",43,2.42,436.0560312,36.0928,1.44059405940594,20.5306509900493,10
"805",43,2.42,436.0560312,36.0928,1.44059405940594,20.5306509900493,10
"807",36,2.42,436.0560312,36.0928,1.44059405940594,20.5306509900493,10
"808",29,12.09,344.5175514,35.2004597701149,1.52173913043478,19.1514593226528,10
"809",56,12.09,344.5175514,35.2004597701149,1.52173913043478,19.1514593226528,10
"810",68,12.09,344.5175514,35.2004597701149,1.52173913043478,19.1514593226528,10
"811",43,12.09,344.5175514,35.2004597701149,1.52173913043478,19.1514593226528,10
"813",27,12.09,344.5175514,35.2004597701149,1.52173913043478,19.1514593226528,10
"814",30,12.09,344.5175514,35.2004597701149,1.52173913043478,19.1514593226528,10
"816",37,12.09,344.5175514,35.2004597701149,1.52173913043478,19.1514593226528,10
"817",30,12.09,344.5175514,35.2004597701149,1.52173913043478,19.1514593226528,10
"818",45,12.09,344.5175514,35.2004597701149,1.52173913043478,19.1514593226528,10
"819",48,3.8,296.2518075,42.2169230769231,1.54794520547945,16.1826585762937,10
"820",44,3.8,296.2518075,42.2169230769231,1.54794520547945,16.1826585762937,10
"821",45,3.8,296.2518075,42.2169230769231,1.54794520547945,16.1826585762937,10
"823",14,3.8,296.2518075,42.2169230769231,1.54794520547945,16.1826585762937,10
"826",43,3.8,296.2518075,42.2169230769231,1.54794520547945,16.1826585762937,10
"827",82,3.8,296.2518075,42.2169230769231,1.54794520547945,16.1826585762937,10
"828",57,3.8,296.2518075,42.2169230769231,1.54794520547945,16.1826585762937,10
"829",47,3.8,296.2518075,42.2169230769231,1.54794520547945,16.1826585762937,10
"831",52,2.75,261.3007515,38.389012345679,1.51818181818182,19.8853781266423,10
"832",27,2.75,261.3007515,38.389012345679,1.51818181818182,19.8853781266423,10
"833",54,2.75,261.3007515,38.389012345679,1.51818181818182,19.8853781266423,10
"834",39,2.75,261.3007515,38.389012345679,1.51818181818182,19.8853781266423,10
"835",68,2.75,261.3007515,38.389012345679,1.51818181818182,19.8853781266423,10
"836",52,2.75,261.3007515,38.389012345679,1.51818181818182,19.8853781266423,10
"837",37,2.75,261.3007515,38.389012345679,1.51818181818182,19.8853781266423,10
"838",75,2.75,261.3007515,38.389012345679,1.51818181818182,19.8853781266423,10
"839",37,2.75,261.3007515,38.389012345679,1.51818181818182,19.8853781266423,10
"840",38,2.75,261.3007515,38.389012345679,1.51818181818182,19.8853781266423,10
"863",39,0.7,396.1119673,42.5693333333333,1.28712871287129,19.4764064303329,10
"864",47,0.7,396.1119673,42.5693333333333,1.28712871287129,19.4764064303329,10
"865",56,0.7,396.1119673,42.5693333333333,1.28712871287129,19.4764064303329,10
"866",44,0.7,396.1119673,42.5693333333333,1.28712871287129,19.4764064303329,10
"867",54,0.7,396.1119673,42.5693333333333,1.28712871287129,19.4764064303329,10
"868",31,0.7,396.1119673,42.5693333333333,1.28712871287129,19.4764064303329,10
"869",23,0.7,396.1119673,42.5693333333333,1.28712871287129,19.4764064303329,10
"870",30,0.7,396.1119673,42.5693333333333,1.28712871287129,19.4764064303329,10
"871",34,0.7,396.1119673,42.5693333333333,1.28712871287129,19.4764064303329,10
"872",27,0.7,396.1119673,42.5693333333333,1.28712871287129,19.4764064303329,10
"873",22,0.7,396.1119673,42.5693333333333,1.28712871287129,19.4764064303329,10
"926",42,6.5,379.4686073,22.8333640552995,1.8771186440678,16.9728284463869,11
"927",34,6.5,379.4686073,22.8333640552995,1.8771186440678,16.9728284463869,11
"928",34,6.5,379.4686073,22.8333640552995,1.8771186440678,16.9728284463869,11
"929",26,6.5,379.4686073,22.8333640552995,1.8771186440678,16.9728284463869,11
"934",54,9,111.5105118,47.171875,1.70588235294118,12.0070286484622,11
"935",33,9,111.5105118,47.171875,1.70588235294118,12.0070286484622,11
"936",34,9,111.5105118,47.171875,1.70588235294118,12.0070286484622,11
"937",53,9,111.5105118,47.171875,1.70588235294118,12.0070286484622,11
"950",26,0.25,274.6154395,12.9491353383459,1.86697247706422,20.5259916337402,11
"951",26,0.25,274.6154395,12.9491353383459,1.86697247706422,20.5259916337402,11
"952",34,0.25,274.6154395,12.9491353383459,1.86697247706422,20.5259916337402,11
"953",39,0.25,274.6154395,12.9491353383459,1.86697247706422,20.5259916337402,11
"954",39,7,141.4685598,30.7231884057971,2.00854700854701,14.0945210570499,11
"955",33,7,141.4685598,30.7231884057971,2.00854700854701,14.0945210570499,11
"956",34,7,141.4685598,30.7231884057971,2.00854700854701,14.0945210570499,11
"957",34,7,141.4685598,30.7231884057971,2.00854700854701,14.0945210570499,11
"958",68,0.5,336.1958714,21.8862450592885,2.01242236024845,16.590400170815,11
"959",34,0.5,336.1958714,21.8862450592885,2.01242236024845,16.590400170815,11
"960",33,0.5,336.1958714,21.8862450592885,2.01242236024845,16.590400170815,11
"961",40,0.5,336.1958714,21.8862450592885,2.01242236024845,16.590400170815,11
"962",33,0.5,302.9091515,27.3740740740741,2.14661654135338,20.4061315828226,11
"963",40,0.5,302.9091515,27.3740740740741,2.14661654135338,20.4061315828226,11
"964",47,0.5,302.9091515,27.3740740740741,2.14661654135338,20.4061315828226,11
"965",34,0.5,302.9091515,27.3740740740741,2.14661654135338,20.4061315828226,11
"966",43,4,99.86015983,28.8579245283019,1.87313432835821,26.8967780674147,12
"967",68,4,99.86015983,28.8579245283019,1.87313432835821,26.8967780674147,12
"968",39,4,99.86015983,28.8579245283019,1.87313432835821,26.8967780674147,12
"969",40,4,99.86015983,28.8579245283019,1.87313432835821,26.8967780674147,12
"970",29,2,83.21679986,41.3404918032787,1.63636363636364,18.9529952095537,12
"971",34,2,83.21679986,41.3404918032787,1.63636363636364,18.9529952095537,12
"972",34,2,83.21679986,41.3404918032787,1.63636363636364,18.9529952095537,12
"973",47,2,83.21679986,41.3404918032787,1.63636363636364,18.9529952095537,12
"974",56,2.5,98.19582383,39.4135526315789,1.53846153846154,21.9948439594409,12
"975",39,2.5,98.19582383,39.4135526315789,1.53846153846154,21.9948439594409,12
"976",54,2.5,98.19582383,39.4135526315789,1.53846153846154,21.9948439594409,12
"977",68,2.5,98.19582383,39.4135526315789,1.53846153846154,21.9948439594409,12
"978",40,3.5,103.1888318,43.1,1.63157894736842,24.7245172772628,12
"979",53,3.5,103.1888318,43.1,1.63157894736842,24.7245172772628,12
"980",34,3.5,103.1888318,43.1,1.63157894736842,24.7245172772628,12
"981",29,3.5,103.1888318,43.1,1.63157894736842,24.7245172772628,12
"990",29,3,339.5245434,19.3574390243902,1.67415730337079,26.5950615125724,13
"991",13,3,339.5245434,19.3574390243902,1.67415730337079,26.5950615125724,13
"992",23,3,339.5245434,19.3574390243902,1.67415730337079,26.5950615125724,13
"993",8,3,339.5245434,19.3574390243902,1.67415730337079,26.5950615125724,13
"994",24,3,339.5245434,19.3574390243902,1.67415730337079,26.5950615125724,13
"995",13,3,339.5245434,19.3574390243902,1.67415730337079,26.5950615125724,13
"997",15,3,339.5245434,19.3574390243902,1.67415730337079,26.5950615125724,13
"998",13,3,339.5245434,19.3574390243902,1.67415730337079,26.5950615125724,13
"999",18,3,339.5245434,19.3574390243902,1.67415730337079,26.5950615125724,13
"1000",14,3,339.5245434,19.3574390243902,1.67415730337079,26.5950615125724,13
"1001",13,3,371.1469274,35.695306122449,1.825,23.3734601325345,13
"1002",15,3,371.1469274,35.695306122449,1.825,23.3734601325345,13
"1003",8,3,371.1469274,35.695306122449,1.825,23.3734601325345,13
"1004",13,3,371.1469274,35.695306122449,1.825,23.3734601325345,13
"1005",20,3,371.1469274,35.695306122449,1.825,23.3734601325345,13
"1006",13,3,371.1469274,35.695306122449,1.825,23.3734601325345,13
"1007",13,3,371.1469274,35.695306122449,1.825,23.3734601325345,13
"1008",14,3,371.1469274,35.695306122449,1.825,23.3734601325345,13
"1009",13,3,371.1469274,35.695306122449,1.825,23.3734601325345,13
"1010",12,3,371.1469274,35.695306122449,1.825,23.3734601325345,13
"1011",8,3,371.1469274,35.695306122449,1.825,23.3734601325345,13
"1012",23,1.3,414.4196633,11.5606382978723,1.78378378378378,30.5844882703791,13
"1013",20,1.3,414.4196633,11.5606382978723,1.78378378378378,30.5844882703791,13
"1014",13,1.3,414.4196633,11.5606382978723,1.78378378378378,30.5844882703791,13
"1015",14,1.3,414.4196633,11.5606382978723,1.78378378378378,30.5844882703791,13
"1016",8,1.3,414.4196633,11.5606382978723,1.78378378378378,30.5844882703791,13
"1017",17,1.3,414.4196633,11.5606382978723,1.78378378378378,30.5844882703791,13
"1018",33,1.3,414.4196633,11.5606382978723,1.78378378378378,30.5844882703791,13
"1019",17,1.3,414.4196633,11.5606382978723,1.78378378378378,30.5844882703791,13
"1020",13,1.3,414.4196633,11.5606382978723,1.78378378378378,30.5844882703791,13
"1021",18,1.3,414.4196633,11.5606382978723,1.78378378378378,30.5844882703791,13
"1022",24,1.3,414.4196633,11.5606382978723,1.78378378378378,30.5844882703791,13
"1034",21,3,575.860255,16.0693181818182,1.98039215686275,24.5533167972617,13
"1035",13,3,575.860255,16.0693181818182,1.98039215686275,24.5533167972617,13
"1036",8,3,575.860255,16.0693181818182,1.98039215686275,24.5533167972617,13
"1037",13,3,575.860255,16.0693181818182,1.98039215686275,24.5533167972617,13
"1038",15,3,575.860255,16.0693181818182,1.98039215686275,24.5533167972617,13
"1039",18,3,575.860255,16.0693181818182,1.98039215686275,24.5533167972617,13
"1040",13,3,575.860255,16.0693181818182,1.98039215686275,24.5533167972617,13
"1041",12,3,575.860255,16.0693181818182,1.98039215686275,24.5533167972617,13
"1042",8,3,575.860255,16.0693181818182,1.98039215686275,24.5533167972617,13
"1043",14,3,575.860255,16.0693181818182,1.98039215686275,24.5533167972617,13
"1044",13,3,575.860255,16.0693181818182,1.98039215686275,24.5533167972617,13
"1045",8,2.5,376.1399353,17.5485454545455,1.88819875776398,30.8698921627058,13
"1046",13,2.5,376.1399353,17.5485454545455,1.88819875776398,30.8698921627058,13
"1047",13,2.5,376.1399353,17.5485454545455,1.88819875776398,30.8698921627058,13
"1048",9,2.5,376.1399353,17.5485454545455,1.88819875776398,30.8698921627058,13
"1049",13,2.5,376.1399353,17.5485454545455,1.88819875776398,30.8698921627058,13
"1050",14,2.5,376.1399353,17.5485454545455,1.88819875776398,30.8698921627058,13
"1051",18,2.5,376.1399353,17.5485454545455,1.88819875776398,30.8698921627058,13
"1052",13,2.5,376.1399353,17.5485454545455,1.88819875776398,30.8698921627058,13
"1053",20,2.5,376.1399353,17.5485454545455,1.88819875776398,30.8698921627058,13
"1054",13,2.5,376.1399353,17.5485454545455,1.88819875776398,30.8698921627058,13
"1055",8,2.5,376.1399353,17.5485454545455,1.88819875776398,30.8698921627058,13
"1056",18,2.5,329.5385274,16.0197058823529,1.67105263157895,34.5716695014297,13
"1057",14,2.5,329.5385274,16.0197058823529,1.67105263157895,34.5716695014297,13
"1058",13,2.5,329.5385274,16.0197058823529,1.67105263157895,34.5716695014297,13
"1059",13,2.5,329.5385274,16.0197058823529,1.67105263157895,34.5716695014297,13
"1060",20,2.5,329.5385274,16.0197058823529,1.67105263157895,34.5716695014297,13
"1061",24,2.5,329.5385274,16.0197058823529,1.67105263157895,34.5716695014297,13
"1062",15,2.5,329.5385274,16.0197058823529,1.67105263157895,34.5716695014297,13
"1063",13,2.5,329.5385274,16.0197058823529,1.67105263157895,34.5716695014297,13
"1064",13,2.5,329.5385274,16.0197058823529,1.67105263157895,34.5716695014297,13
"1065",8,2.5,329.5385274,16.0197058823529,1.67105263157895,34.5716695014297,13
"1066",13,2.5,329.5385274,16.0197058823529,1.67105263157895,34.5716695014297,13
"1134",27,0.5,299.7748478,30.4873333333333,1.73972602739726,16.1712539701828,14
"1135",34,0.5,299.7748478,30.4873333333333,1.73972602739726,16.1712539701828,14
"1136",39,0.5,299.7748478,30.4873333333333,1.73972602739726,16.1712539701828,14
"1137",26,0.5,299.7748478,30.4873333333333,1.73972602739726,16.1712539701828,14
"1150",26,0.6,491.6307505,24.19625,1.67647058823529,24.0591572987197,14
"1151",34,0.6,491.6307505,24.19625,1.67647058823529,24.0591572987197,14
"1152",26,0.6,491.6307505,24.19625,1.67647058823529,24.0591572987197,14
"1153",33,0.6,491.6307505,24.19625,1.67647058823529,24.0591572987197,14
"1170",12,2.3,34.25998261,39.7162962962963,1.71428571428571,29.5537467006174,15
"1171",13,2.3,34.25998261,39.7162962962963,1.71428571428571,29.5537467006174,15
"1172",13,2.3,34.25998261,39.7162962962963,1.71428571428571,29.5537467006174,15
"1173",13,2.3,34.25998261,39.7162962962963,1.71428571428571,29.5537467006174,15
"1174",12,5.25,54.81597218,34.8678048780488,1.76190476190476,38.8592672441382,15
"1175",20,5.25,54.81597218,34.8678048780488,1.76190476190476,38.8592672441382,15
"1176",13,5.25,54.81597218,34.8678048780488,1.76190476190476,38.8592672441382,15
"1177",13,5.25,54.81597218,34.8678048780488,1.76190476190476,38.8592672441382,15
"1190",12,4.5,42.82497826,30.7928571428571,1.77777777777778,41.466842789039,15
"1191",13,4.5,42.82497826,30.7928571428571,1.77777777777778,41.466842789039,15
"1192",13,4.5,42.82497826,30.7928571428571,1.77777777777778,41.466842789039,15
"1193",12,4.5,42.82497826,30.7928571428571,1.77777777777778,41.466842789039,15
"1206",39,3,145.6049261,47.8506818181818,1.95121951219512,24.0264188570305,16
"1208",54,3,145.6049261,47.8506818181818,1.95121951219512,24.0264188570305,16
"1209",12,3,145.6049261,47.8506818181818,1.95121951219512,24.0264188570305,16
"1210",26,2,131.9009331,14.4025,2.28571428571429,28.5827337825116,16
"1211",40,2,131.9009331,14.4025,2.28571428571429,28.5827337825116,16
"1212",39,2,131.9009331,14.4025,2.28571428571429,28.5827337825116,16
"1213",26,2,131.9009331,14.4025,2.28571428571429,28.5827337825116,16
"1214",26,2.5,135.3269313,19.8094871794872,2.16363636363636,22.3866958436842,16
"1215",27,2.5,135.3269313,19.8094871794872,2.16363636363636,22.3866958436842,16
"1216",12,2.5,135.3269313,19.8094871794872,2.16363636363636,22.3866958436842,16
"1217",47,2.5,135.3269313,19.8094871794872,2.16363636363636,22.3866958436842,16
"1254",15,1.4,140.4659287,17.5221481481481,1.78787878787879,24.1710534714348,17
"1255",13,1.4,140.4659287,17.5221481481481,1.78787878787879,24.1710534714348,17
"1256",48,1.4,140.4659287,17.5221481481481,1.78787878787879,24.1710534714348,17
"1257",20,1.4,140.4659287,17.5221481481481,1.78787878787879,24.1710534714348,17
"1258",34,1.4,140.4659287,17.5221481481481,1.78787878787879,24.1710534714348,17
"1259",23,1.4,140.4659287,17.5221481481481,1.78787878787879,24.1710534714348,17
"1260",24,1.4,140.4659287,17.5221481481481,1.78787878787879,24.1710534714348,17
"1261",53,1.4,140.4659287,17.5221481481481,1.78787878787879,24.1710534714348,17
"1262",23,1.4,140.4659287,17.5221481481481,1.78787878787879,24.1710534714348,17
"1264",33,1.4,140.4659287,17.5221481481481,1.78787878787879,24.1710534714348,17
"1276",43,1.6,303.2008461,15.7376774193548,1.9236641221374,22.0275118340758,17
"1277",13,1.6,303.2008461,15.7376774193548,1.9236641221374,22.0275118340758,17
"1278",40,1.6,303.2008461,15.7376774193548,1.9236641221374,22.0275118340758,17
"1279",23,1.6,303.2008461,15.7376774193548,1.9236641221374,22.0275118340758,17
"1280",37,1.6,303.2008461,15.7376774193548,1.9236641221374,22.0275118340758,17
"1281",23,1.6,303.2008461,15.7376774193548,1.9236641221374,22.0275118340758,17
"1282",24,1.6,303.2008461,15.7376774193548,1.9236641221374,22.0275118340758,17
"1284",68,1.6,303.2008461,15.7376774193548,1.9236641221374,22.0275118340758,17
"1285",33,1.6,303.2008461,15.7376774193548,1.9236641221374,22.0275118340758,17
"1286",14,1.6,303.2008461,15.7376774193548,1.9236641221374,22.0275118340758,17
"1298",30,1.5,250.0978731,11.5445631067961,1.78260869565217,19.7388269608223,17
"1299",68,1.5,250.0978731,11.5445631067961,1.78260869565217,19.7388269608223,17
"1301",68,1.5,250.0978731,11.5445631067961,1.78260869565217,19.7388269608223,17
"1303",37,1.5,250.0978731,11.5445631067961,1.78260869565217,19.7388269608223,17
"1305",30,1.5,250.0978731,11.5445631067961,1.78260869565217,19.7388269608223,17
"1306",33,1.5,250.0978731,11.5445631067961,1.78260869565217,19.7388269608223,17
"1307",54,1.5,250.0978731,11.5445631067961,1.78260869565217,19.7388269608223,17
"1321",23,1.8,179.8649087,15.815625,2.34343434343434,16.575024882585,17
"1322",33,1.8,179.8649087,15.815625,2.34343434343434,16.575024882585,17
"1323",48,1.8,179.8649087,15.815625,2.34343434343434,16.575024882585,17
"1326",40,1.8,179.8649087,15.815625,2.34343434343434,16.575024882585,17
"1328",13,1.8,179.8649087,15.815625,2.34343434343434,16.575024882585,17
"1329",13,1.8,179.8649087,15.815625,2.34343434343434,16.575024882585,17
"1330",68,1.8,179.8649087,15.815625,2.34343434343434,16.575024882585,17
"1375",13,3.8,255.2368705,20.1959375,2,18.8913991386422,18
"1376",12,3.8,255.2368705,20.1959375,2,18.8913991386422,18
"1377",12,3.8,255.2368705,20.1959375,2,18.8913991386422,18
"1378",13,3.8,255.2368705,20.1959375,2,18.8913991386422,18
"1380",29,2.75,292.9228513,18.6950458715596,1.59782608695652,22.2208993224219,18
"1383",21,8.95,125.0489365,33.3174468085106,1.82926829268293,20.5106142520696,18
"1384",20,8.95,125.0489365,33.3174468085106,1.82926829268293,20.5106142520696,18
"1385",13,8.95,125.0489365,33.3174468085106,1.82926829268293,20.5106142520696,18
"1387",13,9.25,268.9408635,21.3458888888889,2.19469026548673,14.9957594352176,18
"1390",21,9.25,268.9408635,21.3458888888889,2.19469026548673,14.9957594352176,18
"1391",12,3.75,280.9318574,20.4773109243697,1.91428571428571,19.9234977827762,18
"1392",13,3.75,280.9318574,20.4773109243697,1.91428571428571,19.9234977827762,18
"1393",13,3.75,280.9318574,20.4773109243697,1.91428571428571,19.9234977827762,18
"1394",12,3.75,280.9318574,20.4773109243697,1.91428571428571,19.9234977827762,18
"1395",12,2.11,161.0219183,21.2156603773585,2.27777777777778,13.4913846571915,18
"1396",13,2.11,161.0219183,21.2156603773585,2.27777777777778,13.4913846571915,18
"1397",13,2.11,161.0219183,21.2156603773585,2.27777777777778,13.4913846571915,18
"1398",18,2.11,161.0219183,21.2156603773585,2.27777777777778,13.4913846571915,18
"1399",12,7.25,267.2278644,21.3304597701149,2.17948717948718,19.592879340807,18
"1400",13,7.25,267.2278644,21.3304597701149,2.17948717948718,19.592879340807,18
"1401",13,7.25,267.2278644,21.3304597701149,2.17948717948718,19.592879340807,18
"1402",27,7.25,267.2278644,21.3304597701149,2.17948717948718,19.592879340807,18
"1435",40,3.7,522.4647348,26.4330188679245,1.49019607843137,20.0082360287237,19
"1436",40,3.7,522.4647348,26.4330188679245,1.49019607843137,20.0082360287237,19
"1437",29,3.7,522.4647348,26.4330188679245,1.49019607843137,20.0082360287237,19
"1440",33,12.5,567.0027122,30.9113461538462,4.21621621621622,18.9730887098957,19
"1441",68,12.5,567.0027122,30.9113461538462,4.21621621621622,18.9730887098957,19
"1451",17,4,551.58572,19.9977678571429,1.70744680851064,20.1220797528761,20
"1452",30,4,551.58572,19.9977678571429,1.70744680851064,20.1220797528761,20
"1453",39,4,551.58572,19.9977678571429,1.70744680851064,20.1220797528761,20
"1454",43,4,551.58572,19.9977678571429,1.70744680851064,20.1220797528761,20
"1455",22,4,551.58572,19.9977678571429,1.70744680851064,20.1220797528761,20
"1456",23,4,551.58572,19.9977678571429,1.70744680851064,20.1220797528761,20
"1457",20,4,551.58572,19.9977678571429,1.70744680851064,20.1220797528761,20
"1458",40,4,551.58572,19.9977678571429,1.70744680851064,20.1220797528761,20
"1459",31,4,551.58572,19.9977678571429,1.70744680851064,20.1220797528761,20
"1460",68,4,551.58572,19.9977678571429,1.70744680851064,20.1220797528761,20
"1461",23,4,551.58572,19.9977678571429,1.70744680851064,20.1220797528761,20
"1462",22,5,477.9267574,13.3897590361446,1.66906474820144,21.9490238901867,20
"1463",40,5,477.9267574,13.3897590361446,1.66906474820144,21.9490238901867,20
"1464",68,5,477.9267574,13.3897590361446,1.66906474820144,21.9490238901867,20
"1465",31,5,477.9267574,13.3897590361446,1.66906474820144,21.9490238901867,20
"1466",23,5,477.9267574,13.3897590361446,1.66906474820144,21.9490238901867,20
"1467",48,5,477.9267574,13.3897590361446,1.66906474820144,21.9490238901867,20
"1468",27,5,477.9267574,13.3897590361446,1.66906474820144,21.9490238901867,20
"1469",30,5,477.9267574,13.3897590361446,1.66906474820144,21.9490238901867,20
"1470",23,5,477.9267574,13.3897590361446,1.66906474820144,21.9490238901867,20
"1471",24,5,477.9267574,13.3897590361446,1.66906474820144,21.9490238901867,20
"1472",39,5,477.9267574,13.3897590361446,1.66906474820144,21.9490238901867,20
"1473",24,6.5,364.8688148,25.1642342342342,1.47033898305085,21.7368813757723,20
"1474",30,6.5,364.8688148,25.1642342342342,1.47033898305085,21.7368813757723,20
"1475",68,6.5,364.8688148,25.1642342342342,1.47033898305085,21.7368813757723,20
"1476",27,6.5,364.8688148,25.1642342342342,1.47033898305085,21.7368813757723,20
"1478",39,6.5,364.8688148,25.1642342342342,1.47033898305085,21.7368813757723,20
"1479",56,6.5,364.8688148,25.1642342342342,1.47033898305085,21.7368813757723,20
"1480",37,6.5,364.8688148,25.1642342342342,1.47033898305085,21.7368813757723,20
"1481",31,6.5,364.8688148,25.1642342342342,1.47033898305085,21.7368813757723,20
"1482",30,6.5,364.8688148,25.1642342342342,1.47033898305085,21.7368813757723,20
"1483",22,6.5,364.8688148,25.1642342342342,1.47033898305085,21.7368813757723,20
"1517",48,8,493.3437496,22.0167832167832,1.68224299065421,21.1967786331366,20
"1518",30,8,493.3437496,22.0167832167832,1.68224299065421,21.1967786331366,20
"1519",24,8,493.3437496,22.0167832167832,1.68224299065421,21.1967786331366,20
"1520",31,8,493.3437496,22.0167832167832,1.68224299065421,21.1967786331366,20
"1521",23,8,493.3437496,22.0167832167832,1.68224299065421,21.1967786331366,20
"1522",68,8,493.3437496,22.0167832167832,1.68224299065421,21.1967786331366,20
"1523",27,8,493.3437496,22.0167832167832,1.68224299065421,21.1967786331366,20
"1524",22,8,493.3437496,22.0167832167832,1.68224299065421,21.1967786331366,20
"1525",33,8,493.3437496,22.0167832167832,1.68224299065421,21.1967786331366,20
"1526",40,8,493.3437496,22.0167832167832,1.68224299065421,21.1967786331366,20
"1527",44,8,493.3437496,22.0167832167832,1.68224299065421,21.1967786331366,20
"1529",23,5.5,431.6757809,21.4778832116788,1.59398496240601,22.0747207436907,20
"1530",31,5.5,431.6757809,21.4778832116788,1.59398496240601,22.0747207436907,20
"1531",33,5.5,431.6757809,21.4778832116788,1.59398496240601,22.0747207436907,20
"1532",23,5.5,431.6757809,21.4778832116788,1.59398496240601,22.0747207436907,20
"1533",22,5.5,431.6757809,21.4778832116788,1.59398496240601,22.0747207436907,20
"1534",68,5.5,431.6757809,21.4778832116788,1.59398496240601,22.0747207436907,20
"1535",30,5.5,431.6757809,21.4778832116788,1.59398496240601,22.0747207436907,20
"1536",40,5.5,431.6757809,21.4778832116788,1.59398496240601,22.0747207436907,20
"1537",27,5.5,431.6757809,21.4778832116788,1.59398496240601,22.0747207436907,20
"1538",40,5.5,431.6757809,21.4778832116788,1.59398496240601,22.0747207436907,20
"1607",34,2.1,104.492947,36.922037037037,3.17073170731707,12.043389700322,21
"1608",29,2.1,104.492947,36.922037037037,3.17073170731707,12.043389700322,21
"1609",39,2.1,104.492947,36.922037037037,3.17073170731707,12.043389700322,21
"1610",26,2.1,104.492947,36.922037037037,3.17073170731707,12.043389700322,21
"1611",39,4,99.35394957,46.3968,2.3448275862069,11.7130331686741,21
"1612",18,4,99.35394957,46.3968,2.3448275862069,11.7130331686741,21
"1613",27,4,99.35394957,46.3968,2.3448275862069,11.7130331686741,21
"1614",40,4,99.35394957,46.3968,2.3448275862069,11.7130331686741,21
"1615",32,3,272.3668618,31.1543137254902,2.27142857142857,12.9782644283086,21
"1616",18,3,272.3668618,31.1543137254902,2.27142857142857,12.9782644283086,21
"1617",27,3,272.3668618,31.1543137254902,2.27142857142857,12.9782644283086,21
"1618",33,3,272.3668618,31.1543137254902,2.27142857142857,12.9782644283086,21
"1623",68,2,171.2999131,31.0698648648649,2.04166666666667,16.7031958304209,21
"1624",13,2,171.2999131,31.0698648648649,2.04166666666667,16.7031958304209,21
"1625",26,2,171.2999131,31.0698648648649,2.04166666666667,16.7031958304209,21
"1626",27,2,171.2999131,31.0698648648649,2.04166666666667,16.7031958304209,21
"1631",32,3.5,204.9067398,23.0946666666667,2.0625,25.2173185455634,22
"1632",27,3.5,204.9067398,23.0946666666667,2.0625,25.2173185455634,22
"1633",13,3.5,204.9067398,23.0946666666667,2.0625,25.2173185455634,22
"1634",13,3.5,204.9067398,23.0946666666667,2.0625,25.2173185455634,22
"1635",18,1.8,88.79292059,24.5479452054795,2.04347826086956,23.6868998326152,22
"1636",33,1.8,88.79292059,24.5479452054795,2.04347826086956,23.6868998326152,22
"1637",29,1.8,88.79292059,24.5479452054795,2.04347826086956,23.6868998326152,22
"1638",27,1.8,88.79292059,24.5479452054795,2.04347826086956,23.6868998326152,22
"1639",34,3.5,110.9911507,21.8032258064516,1.96938775510204,22.9701428352995,22
"1640",42,3.5,110.9911507,21.8032258064516,1.96938775510204,22.9701428352995,22
"1641",32,3.5,110.9911507,21.8032258064516,1.96938775510204,22.9701428352995,22
"1642",29,3.5,110.9911507,21.8032258064516,1.96938775510204,22.9701428352995,22
"1643",26,1.6,175.878285,35.5656603773585,2.04166666666667,19.5269696219169,22
"1644",33,1.6,175.878285,35.5656603773585,2.04166666666667,19.5269696219169,22
"1645",26,1.6,175.878285,35.5656603773585,2.04166666666667,19.5269696219169,22
"1646",34,1.6,175.878285,35.5656603773585,2.04166666666667,19.5269696219169,22
"1655",12,2,662.5317921,16.9862790697674,1.76923076923077,33.8125083759919,23
"1656",26,2,662.5317921,16.9862790697674,1.76923076923077,33.8125083759919,23
"1657",21,2,662.5317921,16.9862790697674,1.76923076923077,33.8125083759919,23
"1658",18,2,662.5317921,16.9862790697674,1.76923076923077,33.8125083759919,23
"1659",33,1,628.3806688,30.4788636363636,1.73333333333333,25.1336752164732,23
"1660",20,1,628.3806688,30.4788636363636,1.73333333333333,25.1336752164732,23
"1661",12,1,628.3806688,30.4788636363636,1.73333333333333,25.1336752164732,23
"1662",13,1,628.3806688,30.4788636363636,1.73333333333333,25.1336752164732,23
"1663",13,0.5,476.4081701,20.4083333333333,1.6,26.6506098661308,23
"1664",68,0.5,476.4081701,20.4083333333333,1.6,26.6506098661308,23
"1665",27,0.5,476.4081701,20.4083333333333,1.6,26.6506098661308,23
"1666",20,0.5,476.4081701,20.4083333333333,1.6,26.6506098661308,23
"1671",13,0.8,397.8605865,20.9695833333333,1.15555555555556,27.9044371761599,23
"1672",18,0.8,397.8605865,20.9695833333333,1.15555555555556,27.9044371761599,23
"1680",12,1.2,659.1166798,22.78,2.53333333333333,22.8152979920733,23
"1682",20,1.2,659.1166798,22.78,2.53333333333333,22.8152979920733,23
"1691",13,1,630.088225,19.6395918367347,2.04761904761905,34.2521722131747,23
"1692",12,1,630.088225,19.6395918367347,2.04761904761905,34.2521722131747,23
"1693",18,1,630.088225,19.6395918367347,2.04761904761905,34.2521722131747,23
"1694",13,1,630.088225,19.6395918367347,2.04761904761905,34.2521722131747,23
"1695",12,2,220.2747453,26.0424242424242,1.5,24.3083088139433,24
"1696",13,2,220.2747453,26.0424242424242,1.5,24.3083088139433,24
"1697",6,2,220.2747453,26.0424242424242,1.5,24.3083088139433,24
"1698",12,2,220.2747453,26.0424242424242,1.5,24.3083088139433,24
"1699",20,1,235.6427508,27.4048148148148,1.37931034482759,19.4872853538806,24
"1700",13,1,235.6427508,27.4048148148148,1.37931034482759,19.4872853538806,24
"1701",13,1,235.6427508,27.4048148148148,1.37931034482759,19.4872853538806,24
"1702",12,1,235.6427508,27.4048148148148,1.37931034482759,19.4872853538806,24
"1715",12,0.75,230.5200823,52.7616666666667,1.48148148148148,16.867855257581,24
"1716",20,0.75,230.5200823,52.7616666666667,1.48148148148148,16.867855257581,24
"1717",33,0.75,230.5200823,52.7616666666667,1.48148148148148,16.867855257581,24
"1718",13,0.75,230.5200823,52.7616666666667,1.48148148148148,16.867855257581,24
"1723",21,0.6,215.1520768,36.3171428571429,1.65217391304348,23.1039378586905,24
"1724",13,0.6,215.1520768,36.3171428571429,1.65217391304348,23.1039378586905,24
"1725",20,0.6,215.1520768,36.3171428571429,1.65217391304348,23.1039378586905,24
"1726",13,0.6,215.1520768,36.3171428571429,1.65217391304348,23.1039378586905,24
"1776",13,2,52.93424112,24.6566265060241,1.7,23.4121982891573,25
"1777",13,2,52.93424112,24.6566265060241,1.7,23.4121982891573,25
"1778",13,2,52.93424112,24.6566265060241,1.7,23.4121982891573,25
"1779",12,2,52.93424112,24.6566265060241,1.7,23.4121982891573,25
"1780",8,2,52.93424112,24.6566265060241,1.7,23.4121982891573,25
"1781",13,2,52.93424112,24.6566265060241,1.7,23.4121982891573,25
"1782",21,2,52.93424112,24.6566265060241,1.7,23.4121982891573,25
"1783",15,2,52.93424112,24.6566265060241,1.7,23.4121982891573,25
"1784",14,2,52.93424112,24.6566265060241,1.7,23.4121982891573,25
"1785",13,2,52.93424112,24.6566265060241,1.7,23.4121982891573,25
"1786",8,2,52.93424112,24.6566265060241,1.7,23.4121982891573,25
"1798",17,2,64.88713428,17.4212,1.88541666666667,28.4662124900151,25
"1799",13,2,64.88713428,17.4212,1.88541666666667,28.4662124900151,25
"1800",24,2,64.88713428,17.4212,1.88541666666667,28.4662124900151,25
"1801",23,2,64.88713428,17.4212,1.88541666666667,28.4662124900151,25
"1802",8,2,64.88713428,17.4212,1.88541666666667,28.4662124900151,25
"1803",13,2,64.88713428,17.4212,1.88541666666667,28.4662124900151,25
"1804",13,2,64.88713428,17.4212,1.88541666666667,28.4662124900151,25
"1805",18,2,64.88713428,17.4212,1.88541666666667,28.4662124900151,25
"1806",14,2,64.88713428,17.4212,1.88541666666667,28.4662124900151,25
"1807",21,2,64.88713428,17.4212,1.88541666666667,28.4662124900151,25
"1808",20,2,64.88713428,17.4212,1.88541666666667,28.4662124900151,25
"1809",23,1.4,117.8213754,18.6325252525252,1.71621621621622,23.7741126085532,25
"1810",14,1.4,117.8213754,18.6325252525252,1.71621621621622,23.7741126085532,25
"1811",33,1.4,117.8213754,18.6325252525252,1.71621621621622,23.7741126085532,25
"1812",13,1.4,117.8213754,18.6325252525252,1.71621621621622,23.7741126085532,25
"1813",18,1.4,117.8213754,18.6325252525252,1.71621621621622,23.7741126085532,25
"1814",8,1.4,117.8213754,18.6325252525252,1.71621621621622,23.7741126085532,25
"1815",23,1.4,117.8213754,18.6325252525252,1.71621621621622,23.7741126085532,25
"1816",23,1.4,117.8213754,18.6325252525252,1.71621621621622,23.7741126085532,25
"1817",18,1.4,117.8213754,18.6325252525252,1.71621621621622,23.7741126085532,25
"1818",32,1.4,117.8213754,18.6325252525252,1.71621621621622,23.7741126085532,25
"1819",24,1.4,117.8213754,18.6325252525252,1.71621621621622,23.7741126085532,25
"1831",8,1.6,99.03825758,14.1018579234973,1.88888888888889,29.1255903273737,25
"1832",15,1.6,99.03825758,14.1018579234973,1.88888888888889,29.1255903273737,25
"1833",33,1.6,99.03825758,14.1018579234973,1.88888888888889,29.1255903273737,25
"1834",13,1.6,99.03825758,14.1018579234973,1.88888888888889,29.1255903273737,25
"1835",16,1.6,99.03825758,14.1018579234973,1.88888888888889,29.1255903273737,25
"1836",23,1.6,99.03825758,14.1018579234973,1.88888888888889,29.1255903273737,25
"1837",24,1.6,99.03825758,14.1018579234973,1.88888888888889,29.1255903273737,25
"1838",27,1.6,99.03825758,14.1018579234973,1.88888888888889,29.1255903273737,25
"1839",13,1.6,99.03825758,14.1018579234973,1.88888888888889,29.1255903273737,25
"1840",29,1.6,99.03825758,14.1018579234973,1.88888888888889,29.1255903273737,25
"1841",18,1.6,99.03825758,14.1018579234973,1.88888888888889,29.1255903273737,25
"1842",12,3,85.37780826,21.6563736263736,1.85567010309278,30.3171770978757,25
"1843",17,3,85.37780826,21.6563736263736,1.85567010309278,30.3171770978757,25
"1844",13,3,85.37780826,21.6563736263736,1.85567010309278,30.3171770978757,25
"1845",20,3,85.37780826,21.6563736263736,1.85567010309278,30.3171770978757,25
"1846",24,3,85.37780826,21.6563736263736,1.85567010309278,30.3171770978757,25
"1847",23,3,85.37780826,21.6563736263736,1.85567010309278,30.3171770978757,25
"1848",13,3,85.37780826,21.6563736263736,1.85567010309278,30.3171770978757,25
"1849",13,3,85.37780826,21.6563736263736,1.85567010309278,30.3171770978757,25
"1850",13,3,85.37780826,21.6563736263736,1.85567010309278,30.3171770978757,25
"1851",21,3,85.37780826,21.6563736263736,1.85567010309278,30.3171770978757,25
"1852",14,3,85.37780826,21.6563736263736,1.85567010309278,30.3171770978757,25
"1875",44,1.5,64.88713428,29.6216666666667,2,20.7134167496996,26
"1876",26,1.5,64.88713428,29.6216666666667,2,20.7134167496996,26
"1877",24,1.5,64.88713428,29.6216666666667,2,20.7134167496996,26
"1878",27,1.5,64.88713428,29.6216666666667,2,20.7134167496996,26
"1881",82,1.5,64.88713428,29.6216666666667,2,20.7134167496996,26
"1882",68,1.5,64.88713428,29.6216666666667,2,20.7134167496996,26
"1883",30,1.5,64.88713428,29.6216666666667,2,20.7134167496996,26
"1884",44,1.5,64.88713428,29.6216666666667,2,20.7134167496996,26
"1885",18,1.5,64.88713428,29.6216666666667,2,20.7134167496996,26
"1886",50,2.4,59.76446578,27.3123595505618,1.84981684981685,20.5045057733039,26
"1887",22,2.4,59.76446578,27.3123595505618,1.84981684981685,20.5045057733039,26
"1890",30,2.4,59.76446578,27.3123595505618,1.84981684981685,20.5045057733039,26
"1891",13,2.4,59.76446578,27.3123595505618,1.84981684981685,20.5045057733039,26
"1893",30,2.4,59.76446578,27.3123595505618,1.84981684981685,20.5045057733039,26
"1895",33,2.4,59.76446578,27.3123595505618,1.84981684981685,20.5045057733039,26
"1896",20,2.4,59.76446578,27.3123595505618,1.84981684981685,20.5045057733039,26
"1919",26,2,42.68890413,41.5398529411765,2.27272727272727,22.4063866369187,26
"1920",30,2,42.68890413,41.5398529411765,2.27272727272727,22.4063866369187,26
"1921",12,2,42.68890413,41.5398529411765,2.27272727272727,22.4063866369187,26
"1922",13,2,42.68890413,41.5398529411765,2.27272727272727,22.4063866369187,26
"1923",17,2,42.68890413,41.5398529411765,2.27272727272727,22.4063866369187,26
"1924",14,2,42.68890413,41.5398529411765,2.27272727272727,22.4063866369187,26
"1925",13,2,42.68890413,41.5398529411765,2.27272727272727,22.4063866369187,26
"1926",23,2,42.68890413,41.5398529411765,2.27272727272727,22.4063866369187,26
"1927",24,2,42.68890413,41.5398529411765,2.27272727272727,22.4063866369187,26
"1928",33,2,42.68890413,41.5398529411765,2.27272727272727,22.4063866369187,26
"1929",29,2,42.68890413,41.5398529411765,2.27272727272727,22.4063866369187,26
"1930",17,1.5,75.13247127,28.5415476190476,2,20.7436713974932,26
"1931",16,1.5,75.13247127,28.5415476190476,2,20.7436713974932,26
"1932",26,1.5,75.13247127,28.5415476190476,2,20.7436713974932,26
"1933",40,1.5,75.13247127,28.5415476190476,2,20.7436713974932,26
"1935",13,1.5,75.13247127,28.5415476190476,2,20.7436713974932,26
"1936",34,1.5,75.13247127,28.5415476190476,2,20.7436713974932,26
"1937",31,1.5,75.13247127,28.5415476190476,2,20.7436713974932,26
"1938",14,1.5,75.13247127,28.5415476190476,2,20.7436713974932,26
"1939",47,1.5,75.13247127,28.5415476190476,2,20.7436713974932,26
"1940",30,1.5,75.13247127,28.5415476190476,2,20.7436713974932,26
"1945",34,1.5,104.1609261,29.2326315789474,2.25,24.0724915921743,26
"1947",68,1.5,104.1609261,29.2326315789474,2.25,24.0724915921743,26
"1949",30,1.5,104.1609261,29.2326315789474,2.25,24.0724915921743,26
"1951",17,1.5,104.1609261,29.2326315789474,2.25,24.0724915921743,26
"1952",13,2.2,73.4249151,26.6605,1.95035460992908,22.0716390024823,26
"1953",68,2.2,73.4249151,26.6605,1.95035460992908,22.0716390024823,26
"1954",24,2.2,73.4249151,26.6605,1.95035460992908,22.0716390024823,26
"1955",54,2.2,73.4249151,26.6605,1.95035460992908,22.0716390024823,26
"1956",16,2.2,73.4249151,26.6605,1.95035460992908,22.0716390024823,26
"1957",12,2.2,73.4249151,26.6605,1.95035460992908,22.0716390024823,26
"1958",47,2.2,73.4249151,26.6605,1.95035460992908,22.0716390024823,26
"1959",27,2.2,73.4249151,26.6605,1.95035460992908,22.0716390024823,26
"1960",30,2.2,73.4249151,26.6605,1.95035460992908,22.0716390024823,26
"1961",22,2.2,73.4249151,26.6605,1.95035460992908,22.0716390024823,26
"1962",23,2.2,73.4249151,26.6605,1.95035460992908,22.0716390024823,26
"1985",27,1.75,134.896937,30.5029213483146,2.07865168539326,16.9115870746977,26
"1988",30,1.75,134.896937,30.5029213483146,2.07865168539326,16.9115870746977,26
"1991",31,1.75,134.896937,30.5029213483146,2.07865168539326,16.9115870746977,26
"1994",13,1.75,134.896937,30.5029213483146,2.07865168539326,16.9115870746977,26
"2007",16,4,307.2255837,23.1773275862069,2.82051282051282,13.8554328188221,1
"2008",16,3,277.1709071,50.5075,2.32142857142857,14.6969557709412,1
"2009",8,0.96,166.9704259,52.5652941176471,1.8989898989899,17.3985392383174,1
"2010",16,0.75,561.0206312,37.3213636363636,2.2,18.0277744437103,1
"2012",16,7.94,353.4641262,31.206091954023,2,26.7642290485155,1
"2013",16,11.43,341.511233,32.8449382716049,1.84313725490196,28.8755417900143,1
"2014",24,4,414.9361481,26.316017699115,2.06818181818182,19.3924635445631,1
"2019",24,13.72,404.2677948,17.9272727272727,2,34.624635333016,2
"2020",16,12.02,102.7799478,13.892816091954,1.88059701492537,30.8421200536741,2
"2021",16,11.82,171.2999131,14.6561654135338,1.71323529411765,29.9387880887611,2
"2023",24,8.5,37.68598087,17.6126126126126,1.80246913580247,31.7618645378151,2
"2026",16,13.86,85.64995653,28.5481609195402,1.66666666666667,23.7854049679475,2
"2027",16,13.5,54.81597218,26.6240243902439,1.5546218487395,24.8088091706805,2
"2028",24,19.72,174.7259113,29.2805263157895,1.98666666666667,24.1032591045131,2
"2037",31,1,238.1068791,21.7886046511628,1.79787234042553,20.5018859123677,3
"2042",24,16,71.56644788,21.0766346153846,1.67241379310345,23.4714759180708,6
"2043",24,13.1,133.1468798,14.7538547486034,1.69005847953216,24.9174984104037,6
"2044",16,10.12,63.24476789,30.7093506493506,1.49612403100775,21.44188093585,6
"2054",16,1,91.53847984,24.7159782608696,1.79569892473118,22.8064761068613,8
"2055",16,9.75,94.86715184,24.25,1.60144927536232,22.8314040356901,8
"2056",16,2,109.8461758,14.567380952381,1.74528301886792,24.5879895759207,8
"2058",16,2,78.22379186,14.5682474226804,1.85714285714286,22.8796147833733,8
"2060",16,8,73.23078387,24.2504201680672,1.5679012345679,19.4776969491101,8
"2063",16,8.5,69.90211188,24.1303174603175,1.32876712328767,18.7042536298906,8
"2066",50,5,366.1539194,24.165905511811,1.94736842105263,27.2722675467977,10
"2067",38,2.42,436.0560312,36.0928,1.44059405940594,20.5306509900493,10
"2068",24,12.09,344.5175514,35.2004597701149,1.52173913043478,19.1514593226528,10
"2070",56,2.75,261.3007515,38.389012345679,1.51818181818182,19.8853781266423,10
"2073",50,0.7,396.1119673,42.5693333333333,1.28712871287129,19.4764064303329,10
"2078",16,3,339.5245434,19.3574390243902,1.67415730337079,26.5950615125724,13
"2079",16,3,371.1469274,35.695306122449,1.825,23.3734601325345,13
"2080",16,1.3,414.4196633,11.5606382978723,1.78378378378378,30.5844882703791,13
"2082",16,3,575.860255,16.0693181818182,1.98039215686275,24.5533167972617,13
"2083",16,2.5,376.1399353,17.5485454545455,1.88819875776398,30.8698921627058,13
"2084",16,2.5,329.5385274,16.0197058823529,1.67105263157895,34.5716695014297,13
"2090",24,1.4,140.4659287,17.5221481481481,1.78787878787879,24.1710534714348,17
"2092",16,1.6,303.2008461,15.7376774193548,1.9236641221374,22.0275118340758,17
"2094",38,1.5,250.0978731,11.5445631067961,1.78260869565217,19.7388269608223,17
"2096",16,1.8,179.8649087,15.815625,2.34343434343434,16.575024882585,17
"2101",24,4,551.58572,19.9977678571429,1.70744680851064,20.1220797528761,20
"2102",24,5,477.9267574,13.3897590361446,1.66906474820144,21.9490238901867,20
"2103",24,6.5,364.8688148,25.1642342342342,1.47033898305085,21.7368813757723,20
"2107",24,8,493.3437496,22.0167832167832,1.68224299065421,21.1967786331366,20
"2108",24,5.5,431.6757809,21.4778832116788,1.59398496240601,22.0747207436907,20
"2116",16,2,52.93424112,24.6566265060241,1.7,23.4121982891573,25
"2118",16,2,64.88713428,17.4212,1.88541666666667,28.4662124900151,25
"2119",16,1.4,117.8213754,18.6325252525252,1.71621621621622,23.7741126085532,25
"2121",16,1.6,99.03825758,14.1018579234973,1.88888888888889,29.1255903273737,25
"2122",24,3,85.37780826,21.6563736263736,1.85567010309278,30.3171770978757,25
"2125",24,1.5,64.88713428,29.6216666666667,2,20.7134167496996,26
"2126",50,2.4,59.76446578,27.3123595505618,1.84981684981685,20.5045057733039,26
"2129",16,2,42.68890413,41.5398529411765,2.27272727272727,22.4063866369187,26
"2130",24,1.5,75.13247127,28.5415476190476,2,20.7436713974932,26
"2131",24,1.5,104.1609261,29.2326315789474,2.25,24.0724915921743,26
"2132",24,2.2,73.4249151,26.6605,1.95035460992908,22.0716390024823,26
"2135",31,1.75,134.896937,30.5029213483146,2.07865168539326,16.9115870746977,26
