sample,site,species,no.x,vol,stem.weight,ssd,Weight..mg.,per.N,per.C,C.N,type,ht,dbh,dbh2,dbh3,no.y,lma
af_acegla_1,af,acegla,1,3.32,1337.4,402.8313253,3.61,2.3,45.5,20.2,tree,2.89,1.881,NA,NA,1,7.282138302
af_acegla_10,af,acegla,10,3.01,1428,474.4186047,4.25,3,46.3,15.7,tree,4.9,2.7,4.2,4.3,10,2.793683093
af_acegla_11,af,acegla,11,3.25,1694.4,521.3538462,3.8,2.4,44.6,18.8,tree,4.67,2.411,NA,NA,11,2.165167142
af_acegla_12,af,acegla,12,3.12,1497,479.8076923,3.5,2.4,46.6,19.2,tree,3.36,1.632,NA,NA,12,2.621287067
af_acegla_3,af,acegla,3,3.42,1820.6,532.3391813,4.61,3.5,45.9,13.3,tree,6.38,9.3,2,NA,3,3.050699243
af_acegla_5,af,acegla,5,3.08,1613.7,523.9285714,3.69,2.7,46.7,17.2,tree,6.77,3,3.4,3.2,5,4.658411189
af_acegla_6,af,acegla,6,3.43,1598.5,466.0349854,4.19,2.8,46.8,16.9,tree,8.19,4.2,8.2,3.2,6,3.897530411
af_acegla_7,af,acegla,7,4.11,2018.4,491.0948905,4.47,2.4,46.3,19.4,tree,7.14,5.1,6.9,9,7,4.763317384
af_acegla_8,af,acegla,8,3.31,1558.8,470.9365559,4.77,2,45.5,22.8,tree,6.77,6.5,7.5,5.9,8,4.749544586
af_acegla_9,af,acegla,9,3.61,1741.6,482.4376731,4.81,2.9,46.3,16.3,tree,7.22,4.5,6.5,7,9,5.073652118
af_alninc_1,af,alninc,1,4.67,1901.8,407.2376874,4.37,3.2,48.9,15.3,shrub,2.84,2.1,NA,NA,1,5.777699488
af_alninc_1,af,alninc,1,4.67,1901.8,407.2376874,4.37,3.2,48.9,15.3,shrub,2.33,0.816,1.525,NA,1,5.777699488
af_alninc_10,af,alninc,10,4.53,1851.3,408.6754967,3.98,3.1,48.2,15.5,shrub,5.84,3.4,3.5,4.2,10,4.656482213
af_alninc_11,af,alninc,11,2.68,944.2,352.3134328,4.7,3.4,48.9,14.2,NA,NA,NA,NA,NA,11,3.198893795
af_alninc_12,af,alninc,12,3.43,1338.1,390.1166181,4.09,3,52,17.1,shrub,6.68,4.644,3.848,3.295,12,5.316222796
af_alninc_13,af,alninc,13,2.7,117.2,43.40740741,3.91,3.2,48.4,15.2,shrub,6.38,3.385,5.925,3.35,13,5.538229024
af_alninc_14,af,alninc,14,NA,NA,NA,NA,NA,NA,NA,shrub,3.19,1.947,1.721,NA,NA,NA
af_alninc_20,af,alninc,20,4.05,1690.6,417.4320988,4.44,3.4,49,14.4,shrub,4.65,4.1,3.3,2.8,20,4.337361558
af_alninc_5,af,alninc,5,2.79,1079.7,386.9892473,4.45,3.3,48.8,15,shrub,5.48,2.655,4.354,NA,5,5.339741563
af_alninc_6,af,alninc,6,3.57,1831.74,513.092437,3.53,3,47.7,15.9,shrub,6.77,7.8,8.9,7.2,6,5.731687152
af_alninc_7,af,alninc,7,3.27,1427.25,436.4678899,4.57,3.1,48.9,15.9,shrub,5.35,4.2,5.5,4.3,7,4.532239089
af_alninc_9,af,alninc,9,2.61,1326.7,508.3141762,4.63,2.9,48.8,16.8,shrub,4.8,4.7,NA,NA,9,9.890934925
af_alnvir_1,af,alnvir,1,3.3,1411,427.5757576,4.01,2.5,48.2,19.6,shrub,2.33,0.816,1.525,NA,1,6.542369387
af_alnvir_11,af,alnvir,11,2.99,1307.1,437.1571906,4.02,2.4,49.4,20.7,shrub,3.49,1.924,1.328,0.865,11,7.535953506
af_alnvir_12,af,alnvir,12,3.42,1468.6,429.4152047,4.72,2.4,48.9,20.8,shrub,3.4,1.409,1.232,1.17,12,7.085950646
af_alnvir_13,af,alnvir,13,2.25,920.9,409.2888889,4.49,2.4,48.5,20.6,shrub,2.76,1.928,1.953,3.163,13,6.857589163
af_alnvir_14,af,alnvir,14,2.98,1334.3,447.7516779,3.74,2.6,48,18.6,shrub,3.96,2.588,1.821,1.764,14,8.749865526
af_alnvir_2,af,alnvir,2,3.69,1483,401.897019,4.28,2.3,48.3,20.8,shrub,3.11,1.509,1.382,1.231,2,7.346639454
af_alnvir_20,af,alnvir,20,3.3,1449.2,439.1515152,4.39,3.3,47.7,14.4,shrub,4.39,4,5.2,4.5,20,4.387481485
af_alnvir_3,af,alnvir,3,2.97,1220.4,410.9090909,3.76,2,51.2,25.8,shrub,3.38,1.692,2.055,1.509,3,8.140075493
af_alnvir_4,af,alnvir,4,3.05,1440.8,472.3934426,4.67,2.5,49.4,19.4,shrub,3.33,1.317,1.24,1.42,4,5.751379255
af_alnvir_5,af,alnvir,5,3.01,1262.5,419.4352159,3.8,2.8,49.1,17.8,shrub,2.18,1.294,0.915,0.888,5,6.532371553
af_amealn_1,af,amealn,1,2.34,1292.3,552.2649573,3.63,3.4,45.4,13.2,shrub,1.81,1.588,1.312,1.13,1,5.786466653
af_amealn_10,af,amealn,10,2.65,1717.1,647.9622642,3.61,1.9,47.1,24.7,shrub,1.98,1.095,NA,NA,10,2.736211351
af_amealn_12,af,amealn,12,3.61,2222.8,615.734072,3.77,2.3,45.4,20.1,shrub,3.64,1.002,NA,NA,12,2.520428813
af_amealn_2,af,amealn,2,5.06,2589.1,511.6798419,4.12,3.6,47,13.1,shrub,1.58,1.183,NA,NA,2,5.955222125
af_amealn_3,af,amealn,3,2.38,1294.7,543.9915966,4.14,3.4,47.3,13.9,shrub,2.34,1.986,NA,NA,3,4.012059945
af_amealn_5,af,amealn,5,3.23,1872.7,579.7832817,4.14,2.7,47.2,17.2,shrub,2.1,2.357,NA,NA,5,7.073031821
af_amealn_6,af,amealn,6,2.73,1403,513.9194139,3.63,2.3,50.4,22.2,shrub,2.75,1.536,NA,NA,6,7.85519748
af_amealn_7,af,amealn,7,4.13,2130,515.7384988,4.63,2,48.3,24.4,shrub,2.43,1.432,1.036,NA,7,7.30724095
af_amealn_8,af,amealn,8,3.39,1819.9,536.8436578,3.94,2.4,48.1,20,shrub,2.05,1.238,1.387,1.034,8,5.100264149
af_amealn_9,af,amealn,9,1.78,1150.3,646.2359551,3.94,2.5,46.2,18.4,shrub,1.82,1.293,NA,NA,9,3.536183839
af_betpap_10,af,betpap,10,4.01,2230.5,556.234414,4.5,2.3,47.5,20.8,tree,7.48,9.9,NA,NA,10,5.534881448
af_betpap_11,af,betpap,11,3.24,1611,497.2222222,4.07,2.4,45.2,19.1,tree,15.76,33.1,NA,NA,11,4.501639634
af_betpap_2,af,betpap,2,5.24,2764.6,527.5954198,3.9,2.4,48.8,20.5,tree,9.42,9.9,NA,NA,2,3.773830072
af_betpap_3,af,betpap,3,3.52,1912.9,543.4375,4.02,2.4,48.3,20.3,tree,11.73,10.5,NA,NA,3,3.636891634
af_betpap_4,af,betpap,4,3.4,1917.1,563.8529412,3.84,2.3,45,19.2,tree,10.42,18,NA,NA,4,3.660629024
af_betpap_5,af,betpap,5,3.5,1831.8,523.3714286,3.51,2.5,48.3,19.1,tree,13.6,18.5,NA,NA,5,3.818251733
af_betpap_6,af,betpap,6,3.58,1872.5,523.0446927,4.03,2.8,48.5,17.1,tree,11.73,10.6,NA,NA,6,3.464549512
af_betpap_7,af,betpap,7,3.43,1818.7,530.2332362,4.58,2.4,47.5,20,tree,8.11,10,NA,NA,7,5.135213549
af_betpap_8,af,betpap,8,2.94,1599,543.877551,3.67,2.8,48.3,17.5,tree,11.73,12.6,NA,NA,8,4.044809291
af_betpap_9,af,betpap,9,4.36,2356.7,540.5275229,4.19,2.8,48.4,17.1,tree,10.14,12.9,NA,NA,9,5.148437227
af_corsto_1,af,corsto,1,2.43,902.4,371.3580247,4.6,2.2,44.5,20.6,shrub,1.32,14.1,NA,NA,1,4.928400308
af_corsto_10,af,corsto,10,2.86,1129.2,394.8251748,4.05,2.6,41.9,16.4,shrub,2.32,1.732,1.538,NA,10,5.096376613
af_corsto_11,af,corsto,11,2.84,1121.1,394.7535211,3.31,3,44.8,14.8,shrub,2.72,2.348,NA,NA,11,3.428636045
af_corsto_3,af,corsto,3,3.59,1606.9,447.6044568,4.11,3.1,44.7,14.5,shrub,3.63,1.534,0.67,NA,3,3.351109847
af_corsto_4,af,corsto,4,2.22,1011.3,455.5405405,3.52,2.5,44.3,17.4,shrub,2.23,1.451,NA,NA,4,2.715893503
af_corsto_5,af,corsto,5,2.45,1152,470.2040816,4.04,2.3,46,20.1,shrub,3.2,2.971,NA,NA,5,6.290257562
af_corsto_6,af,corsto,6,2.82,1486.5,527.1276596,3.65,2.1,44.9,21.3,shrub,1.6,1.701,NA,NA,6,5.817152033
af_corsto_7,af,corsto,7,2.06,918.5,445.8737864,3.75,2.2,43.4,19.8,shrub,1.81,1.809,NA,NA,7,4.363633017
af_corsto_8,af,corsto,8,2.37,1093.7,461.4767932,4.03,2.3,43.3,18.8,shrub,1.62,0.954,NA,NA,8,3.069353069
af_corsto_9,af,corsto,9,2.19,1074.8,490.7762557,3.34,2.2,43.2,19.5,shrub,2.74,1.124,NA,NA,9,3.402199392
af_loninv_1,af,loninv,1,2.79,1222.3,438.1003584,3.32,2.7,47.1,17.2,shrub,1.23,1.275,NA,NA,1,2.467081383
af_loninv_11,af,loninv,11,2.94,1144.2,389.1836735,3.75,3.1,47.3,15.5,shrub,1.59,2.74,1.599,3.474,11,3.071240212
af_loninv_2,af,loninv,2,1.94,928.12,478.4123711,4.13,1.7,47.2,27.9,shrub,1.17,1.164,NA,NA,2,5.316426464
af_loninv_3,af,loninv,3,1.59,841.13,529.0125786,4.05,2.3,48.2,21.2,shrub,1.4,1.201,NA,NA,3,4.19336097
af_loninv_3_02,af,loninv,3_02,3.76,1638.75,435.837766,3.93,2.7,47.3,17.7,shrub,2.46,2.071,NA,NA,3_02,3.226690344
af_loninv_4,af,loninv,4,1.64,763.1,465.304878,3.7,1.5,45.8,29.8,shrub,1.22,0.721,NA,NA,4,5.86101548
af_loninv_5,af,loninv,5,2.61,1165.2,446.4367816,3.98,1.8,47.1,26.1,shrub,1.21,1.198,NA,NA,5,6.997862512
af_loninv_6,af,loninv,6,3.47,1607.9,463.3717579,4.48,2,45.6,22.8,shrub,1.41,1.111,NA,NA,6,5.13941087
af_loninv_8,af,loninv,8,2.37,1079.08,455.3080169,4.67,3.2,48.7,15.3,shrub,1.06,1.007,NA,NA,8,3.672191412
af_loninv_9,af,loninv,9,2.26,1095.3,484.6460177,3.59,2.5,47.2,18.8,shrub,1.79,1.555,NA,NA,9,5.254812838
af_popbal_1,af,popbal,1,3.84,1618.5,421.484375,3.79,2.1,47.6,22.4,tree,5.09,6.3,6.5,6.2,1,6.565940191
af_popbal_2,af,popbal,2,3.82,1861.9,487.408377,3.68,2.2,48.8,22.1,tree,20,34.6,NA,NA,2,5.520969111
af_popbal_2_2,af,popbal,2_2,3,1340.8,446.9333333,NA,NA,NA,NA,tree,14.9,14.2,NA,NA,2_2,4.391506802
af_popbal_3,af,popbal,3,4.38,1890.7,431.6666667,3.91,1.7,47.9,27.8,tree,7.14,10.8,NA,NA,3,5.846594003
af_popbal_4,af,popbal,4,2.8,1331.5,475.5357143,4.61,2.3,47.5,21,tree,9.03,5.742,NA,NA,4,6.393359559
af_popbal_5,af,popbal,5,2.18,1037.7,476.0091743,4.74,2.5,46.6,18.6,tree,7.48,5.96,NA,NA,5,6.456012353
af_popbal_6,af,popbal,6,2.83,1368.3,483.4982332,4.2,2.3,47.5,20.6,tree,7.22,4.672,NA,NA,6,7.05948991
af_popbal_7,af,popbal,7,3.18,1481,465.7232704,3.71,2.1,48.2,23.2,tree,4.8,4.175,1.496,NA,7,6.240653683
af_popbal_8,af,popbal,8,3.04,1496.4,492.2368421,3.93,1.8,48.5,27.3,tree,4.8,2.499,NA,NA,8,7.242126832
af_popbal_9,af,popbal,9,3.4,1760.7,517.8529412,3.94,1.8,45.5,24.9,tree,9.03,9.906,NA,NA,9,7.004037141
af_poptre_10,af,poptre,10,2.9,1317.7,454.3793103,3.86,2.4,48.6,20.1,tree,4.21,3.6,NA,NA,10,5.202246725
af_poptre_12,af,poptre,12,3.46,1668.4,482.1965318,3.81,2.4,46.5,19.6,tree,10.14,7.844,NA,NA,12,7.794392286
af_poptre_12_02,af,poptre,12_02,3.89,1831.2,470.7455013,NA,NA,NA,NA,tree,19.37,17.5,NA,NA,NA,NA
af_poptre_13,af,poptre,13,4.03,1780,441.6873449,NA,NA,NA,NA,tree,11.12,6,NA,NA,13,5.28799618
af_poptre_15,af,poptre,15,3.46,1873.6,541.5028902,NA,NA,NA,NA,tree,2.91,2.744,NA,NA,15,5.306902558
af_poptre_3,af,poptre,3,3.44,1209.4,351.5697674,4.16,2.4,48.2,19.9,tree,6.77,5.4,NA,NA,3,5.932373853
af_poptre_4,af,poptre,4,3.52,1695.8,481.7613636,4.47,2.2,48.1,22,tree,6.38,4.4,NA,NA,4,7.165955829
af_poptre_5,af,poptre,5,3.34,1743.7,522.0658683,4.13,2.2,47.3,21.2,tree,4.8,6,NA,NA,5,7.154348178
af_poptre_6,af,poptre,6,3.68,1938.6,526.7934783,4.79,1.9,46.8,24.1,tree,14.17,12.7,NA,NA,6,7.726359514
af_poptre_7,af,poptre,7,NA,NA,NA,4.07,3.2,50.7,16,NA,NA,NA,NA,NA,7,3.799845834
af_poptre_8,af,poptre,8,3.89,1623.7,417.403599,4.54,2.9,49.6,17,tree,5.95,8.1,NA,NA,8,2.970935037
af_poptre_9,af,poptre,9,3.67,1616.7,440.5177112,3.62,2.8,53.4,19.1,tree,9.54,8,NA,NA,9,5.468793736
af_riblac_1,af,riblac,1,1.29,770.8,597.5193798,3.86,1.7,44.4,26.1,shrub,0.46,0.408,NA,NA,1,3.969313779
af_riblac_10,af,riblac,10,1.85,962.2,520.1081081,3.63,2.4,44.6,18.3,shrub,1.29,0.803,NA,NA,10,2.714019287
af_riblac_11,af,riblac,11,1.73,1005.4,581.1560694,3.71,2.5,42,17.2,shrub,0.92,0.756,NA,NA,11,2.479173639
af_riblac_12,af,riblac,12,1.59,846.6,532.4528302,4.25,3.2,43.9,13.9,shrub,1.13,0.808,NA,NA,12,2.245169831
af_riblac_2,af,riblac,2,2.7,1226.6,454.2962963,4.02,1.9,46.2,24.7,shrub,0.53,0.687,NA,NA,2,4.175424237
af_riblac_20,af,riblac,20,2.04,1163.8,570.4901961,3.66,1.8,43.6,24.7,shrub,0.76,0.504,NA,NA,20,3.550325689
af_riblac_4,af,riblac,4,2.17,1141.7,526.1290323,4.39,2.1,42.3,20.4,shrub,0.9,0.721,NA,NA,4,3.359026688
af_riblac_4,af,riblac,4,2.17,471.9,217.4654378,4.39,2.1,42.3,20.4,shrub,0.9,0.721,NA,NA,4,3.359026688
af_riblac_6,af,riblac,6,2.47,1508.5,610.7287449,3.62,1.8,43,24.3,shrub,1.07,0.636,0.6,NA,6,3.230747886
af_riblac_7,af,riblac,7,2.68,1693.4,631.8656716,4.2,1.7,46,27.8,shrub,0.92,0.799,NA,NA,7,7.094361722
af_riblac_8,af,riblac,8,1.64,832.4,507.5609756,4.15,2.1,45,21.3,shrub,1.43,0.91,NA,NA,8,4.853951562
af_rubpar_10,af,rubpar,10,2.7,706.3,261.5925926,4.72,2.9,42.5,14.7,shrub,1.28,0.69,NA,NA,10,2.69157194
af_rubpar_11,af,rubpar,11,2.81,1349.8,480.3558719,4.48,1.7,43,25.9,shrub,1.04,0.709,NA,NA,11,2.91393101
af_rubpar_13,af,rubpar,13,2.37,1131.8,477.5527426,3.74,2.6,42.7,16.1,shrub,0.88,0.658,NA,NA,13,2.859433307
af_rubpar_14,af,rubpar,14,3,886.2,295.4,3.55,2.5,44.6,18,shrub,0.89,6.61,NA,NA,14,4.053525454
af_rubpar_15,af,rubpar,15,2.9,792,273.1034483,3.72,3.5,45.2,12.8,shrub,1.4,0.881,NA,NA,15,2.834002951
af_rubpar_16,af,rubpar,16,3.75,814.3,217.1466667,4.38,3.7,45.5,12.2,shrub,1.4,1.031,NA,NA,16,2.708762811
af_rubpar_2,af,rubpar,2,2.68,843.7,314.8134328,4.71,3.2,43.4,13.6,shrub,0.91,0.787,NA,NA,2,3.474760996
af_rubpar_3,af,rubpar,3,3.81,1067.7,280.2362205,4.43,3.2,44.8,14.1,shrub,1.17,0.846,NA,NA,3,3.048048954
af_rubpar_4,af,rubpar,4,2.67,730.3,273.5205993,4.96,2.7,45,16.6,shrub,0.69,0.636,NA,NA,4,3.964029893
af_rubpar_5,af,rubpar,5,1.76,515.2,292.7272727,3.64,2.4,42.5,17.7,shrub,0.59,0.463,NA,NA,5,2.251707881
af_rubpar_6,af,rubpar,6,2.16,615.2,284.8148148,4.01,2.4,42.7,17.5,shrub,0.64,0.484,0.552,0.426,6,2.416062028
af_rubpar_7,af,rubpar,7,NA,NA,NA,3.79,2.3,42.2,18.4,NA,NA,NA,NA,NA,7,2.584620046
af_rubpar_9,af,rubpar,9,1.42,609.1,428.943662,NA,NA,NA,NA,shrub,0.75,0.621,NA,NA,NA,NA
af_samrac_1,af,samrac,1,5.29,1764,333.4593573,4.05,4.1,48.1,11.6,shrub,2.19,3.071,NA,NA,1,4.835813939
af_samrac_10,af,samrac,10,4.43,1451,327.5395034,3.55,3.8,49.2,12.8,shrub,1.69,2.919,NA,NA,10,5.232364832
af_samrac_12,af,samrac,12,4.67,1108.8,237.4304069,4.15,4.8,49.2,10.3,shrub,2.51,2.45,NA,NA,12,3.717297348
af_samrac_13,af,samrac,13,3.45,891.2,258.3188406,4.04,6,48.7,8.2,shrub,2.36,2.054,NA,NA,13,2.122818221
af_samrac_3,af,samrac,3,5.86,1698.3,289.8122867,3.72,5.5,47.5,8.7,shrub,1.83,1.858,NA,NA,3,3.658428903
af_samrac_4,af,samrac,4,3.86,1087.9,281.8393782,4.79,4.9,49.6,10.2,shrub,1.8,1.91,NA,NA,4,3.264837949
af_samrac_5,af,samrac,5,2.99,759,253.8461538,4.43,5,48.2,9.6,shrub,1.98,1.87,NA,NA,5,2.868197334
af_samrac_6,af,samrac,6,3.16,888,281.0126582,4.72,6.2,46.6,7.5,shrub,2.08,3.365,NA,NA,6,2.638435229
af_samrac_7,af,samrac,7,4.06,813.2,200.2955665,4.44,6.2,46.4,7.4,shrub,2.21,1.726,1.384,1.791,7,2.927419499
af_samrac_9,af,samrac,9,5.4,1349.5,249.9074074,4.06,4.3,49.7,11.7,shrub,1.66,1.383,NA,NA,9,4.296350376
af_shecan_1,af,shecan,1,2.71,1524.2,562.4354244,4.41,2.3,45.5,20.1,shrub,0.74,0.946,NA,NA,1,33.43731776
af_shecan_10,af,shecan,10,2.95,1459.8,494.8474576,3.56,3.9,46.4,11.9,shrub,1.7,2.444,NA,NA,10,3.152651473
af_shecan_2,af,shecan,2,2.19,1101.5,502.9680365,3.89,3.8,45.8,11.9,shrub,1.03,1.315,NA,NA,2,4.235198106
af_shecan_3,af,shecan,3,2.58,1204,466.6666667,4.51,2.8,47,16.6,shrub,0.8,0.789,0.64,0.731,3,8.125959825
af_shecan_4,af,shecan,4,3.34,1533,458.9820359,4.3,2.7,46.5,17.2,shrub,0.88,0.958,NA,NA,4,7.612490216
af_shecan_5,af,shecan,5,4.07,2225.7,546.8550369,4.49,4.3,47,10.8,shrub,1.51,2.439,NA,NA,5,7.154522083
af_shecan_6,af,shecan,6,3.3,1832.8,555.3939394,3.93,2.8,47,17.1,shrub,1.57,0.986,1.087,0.88,6,10.56391686
af_shecan_7,af,shecan,7,3.33,1635.9,491.2612613,4.69,3.3,46.6,14,shrub,1.54,1.342,1.484,NA,7,6.622459295
af_shecan_8,af,shecan,8,3.71,1777.7,479.1644205,4.61,2.2,46.1,20.6,shrub,1.47,1.841,NA,NA,8,10.19535595
af_shecan_9,af,shecan,9,2.8,1407.9,502.8214286,4.07,3.6,51.5,14.2,shrub,1.04,1.139,NA,NA,9,4.613824718
af_sorsco_10,af,sorsco,10,2.92,1415,484.5890411,3.85,2.5,44.7,17.9,shrub,3.91,1.295,NA,NA,10,3.288010506
af_sorsco_11,af,sorsco,11,4.23,1938.9,458.3687943,3.6,2.3,57,25.4,shrub,3.47,2.772,NA,NA,NA,NA
af_sorsco_13,af,sorsco,13,3.24,1438.8,444.0740741,4.24,3.4,46.5,13.8,shrub,2.09,2.246,NA,NA,NA,NA
af_sorsco_2,af,sorsco,2,4.94,2005,405.8704453,4.57,3.3,45,13.6,shrub,NA,2.825,NA,NA,2,14.59439473
af_sorsco_3,af,sorsco,3,2.68,1171.1,436.9776119,3.99,2.9,47.1,16.3,shrub,6.38,1.719,NA,NA,3,7.598334356
af_sorsco_3_02,af,sorsco,3_02,2.76,1189.4,430.942029,4.3,3.5,45.3,13.1,shrub,1.73,3.2,4,NA,3_02,3.851466385
af_sorsco_6,af,sorsco,6,2.65,1005.3,379.3584906,4.65,2.5,42.6,16.8,shrub,1.32,1.226,0.984,NA,6,2.938786594
af_sorsco_7,af,sorsco,7,4.13,2025.3,490.3874092,4.32,3,44.3,14.7,shrub,2.07,1.538,1.468,NA,7,4.533543403
af_sorsco_8,af,sorsco,8,2.94,1398.2,475.5782313,4.77,2.8,46,16.2,shrub,4.39,1.799,NA,NA,8,3.801970954
af_sorsco_9,af,sorsco,9,3.17,1422,448.5804416,3.63,2.7,44.1,16.4,shrub,3.64,1.271,1.407,NA,9,2.690522363
af_spibet_1,af,spibet,1,0.93,493.4,530.5376344,4.33,1.8,47.7,26.3,shrub,0.46,0.315,NA,NA,1,3.059230009
af_spibet_11,af,spibet,11,1.59,918.1,577.4213836,3.75,2.1,47.6,22.7,shrub,0.5,0.354,NA,NA,11,5.394786914
af_spibet_12,af,spibet,12,1.52,853.5,561.5131579,NA,NA,NA,NA,shrub,0.51,0.448,NA,NA,NA,NA
af_spibet_13,af,spibet,13,1.28,661.6,516.875,4.39,2.3,49.2,21.5,shrub,0.97,0.588,NA,NA,13,3.487275512
af_spibet_14,af,spibet,14,2.29,1171.9,511.7467249,3.63,2.6,45.5,17.7,shrub,0.91,0.565,NA,NA,14,3.267161596
af_spibet_2,af,spibet,2,2.04,109.6,53.7254902,4.38,2.7,48,18.1,shrub,0.55,0.559,NA,NA,2,4.212092059
af_spibet_20,af,spibet,20,1.06,482.8,455.4716981,4.85,1.7,44.4,26,shrub,0.58,0.361,NA,NA,20,2.995572464
af_spibet_4,af,spibet,4,0.82,438.8,535.1219512,4.27,2.2,47.6,21.5,shrub,0.05,0.299,NA,NA,4,4.028031699
af_spibet_5,af,spibet,5,1.59,828.9,521.3207547,3.54,2.5,48.2,19.3,shrub,0.64,0.392,NA,NA,5,3.85413127
af_spibet_6,af,spibet,6,NA,NA,NA,3.84,2.5,48,19.4,NA,NA,NA,NA,NA,6,5.094324975
af_spibet_6_02,af,spibet,6_02,0.91,487.3,535.4945055,3.74,2,48.7,24,shrub,0.52,0.283,NA,NA,6_02,5.315448427
af_spipyr_1,af,spipyr,1,0.99,425.4,429.6969697,4.49,3.4,47.2,14,shrub,1.15,0.771,NA,NA,1,2.534583476
af_spipyr_11,af,spipyr,11,2.33,897.7,385.27897,4.18,1.7,46.6,27.5,shrub,1,0.6,NA,NA,11,4.382466643
af_spipyr_12,af,spipyr,12,2.45,1018.3,415.6326531,3.96,2.9,46.9,16.2,shrub,1.15,0.576,NA,NA,12,3.613354668
af_spipyr_13,af,spipyr,13,NA,NA,NA,3.6,2.6,47.2,18.1,shrub,1.52,0.859,NA,NA,13,3.229859085
af_spipyr_14,af,spipyr,14,1.92,1077.9,561.40625,3.67,2,47.9,23.5,shrub,1.08,0.507,NA,NA,14,4.369937705
af_spipyr_16,af,spipyr,16,2.35,947.4,403.1489362,3.69,2.6,47.2,18.3,shrub,0.99,0.76,NA,NA,16,3.233786086
af_spipyr_17,af,spipyr,17,1.94,895,461.3402062,3.91,2.7,46.9,17.5,shrub,0.98,0.591,NA,NA,17,2.823648589
af_spipyr_18,af,spipyr,18,2.05,808.1,394.195122,3.74,2.8,47,17,shrub,1.45,0.867,NA,NA,18,2.488383063
af_spipyr_19,af,spipyr,19,1.96,1021.2,521.0204082,3.57,2.6,46,17.6,shrub,0.87,0.788,NA,NA,19,2.933754032
af_spipyr_2,af,spipyr,2,2.91,1414.9,486.2199313,4,2.9,47.2,16.1,shrub,1.32,0.993,NA,NA,2,2.644780368
af_symalb_1,af,symalb,1,2.48,1363.5,549.7983871,3.97,2.3,52,22.3,shrub,0.73,0.556,NA,NA,1,3.693116958
af_symalb_11,af,symalb,11,3.48,1949.6,560.2298851,4.4,2,51.6,25.7,shrub,0.83,0.872,NA,NA,11,4.786104809
af_symalb_12,af,symalb,12,1.5,852.6,568.4,4.26,2,47.1,24,shrub,0.69,0.531,NA,NA,12,5.83403677
af_symalb_2,af,symalb,2,2.89,1455.7,503.7024221,4.36,2.5,45.5,18.4,shrub,1.22,0.699,NA,NA,2,2.67289694
af_symalb_3,af,symalb,3,3.16,1700.5,538.1329114,4.62,2.1,46.8,22.8,shrub,1.26,1.031,NA,NA,3,3.244591476
af_symalb_4,af,symalb,4,3.8,2134.4,561.6842105,4.29,2.2,48.8,22.1,shrub,1.15,0.78,NA,NA,4,5.4301191
af_symalb_5,af,symalb,5,2.37,1360.3,573.9662447,3.85,2.4,45.1,18.8,shrub,1.15,0.604,NA,NA,5,5.726994925
af_symalb_6,af,symalb,6,1.7,990.5,582.6470588,3.93,2,44.7,22.7,shrub,0.95,0.55,0.59,NA,6,2.805367208
af_symalb_7,af,symalb,7,1.18,739.8,626.9491525,3.96,1.6,45.9,28.5,shrub,0.54,0.278,NA,NA,7,4.674840189
af_symalb_8,af,symalb,8,2.48,1292.9,521.3306452,4.26,1.6,46.6,30,shrub,0.6,0.609,NA,NA,8,5.482811284
af_vacmem_1,af,vacmem,1,1.99,985.9,495.4271357,4.48,2.3,47.8,20.7,shrub,0.45,0.508,NA,NA,1,4.174563168
af_vacmem_10,af,vacmem,10,2.05,1090.9,532.1463415,3.73,1.8,48,26.5,shrub,0.28,0.624,NA,NA,10,6.840843261
af_vacmem_20,af,vacmem,20,2.54,1225.3,482.4015748,4.11,2.1,47,22.3,shrub,0.44,0.493,NA,NA,20,3.454680426
af_vacmem_3,af,vacmem,3,2.25,1106.7,491.8666667,3.57,2.6,55.6,21.6,shrub,0.48,0.521,NA,NA,3,4.571259634
af_vacmem_4,af,vacmem,4,1.45,724,499.3103448,3.65,2.5,49.8,19.7,shrub,0.3,0.293,NA,NA,4,5.726828661
af_vacmem_5,af,vacmem,5,2.71,1456,537.2693727,NA,NA,NA,NA,shrub,0.68,0.971,0.876,0.759,5,7.15725201
af_vacmem_6,af,vacmem,6,1.28,676.4,528.4375,4.41,2.3,53.3,23.7,shrub,0.36,0.366,NA,NA,6,4.454718359
af_vacmem_7,af,vacmem,7,2.61,1314.2,503.5249042,3.92,2.4,48.2,20.4,shrub,0.55,0.574,NA,NA,7,5.025232898
af_vacmem_8,af,vacmem,8,1.59,826.2,519.6226415,4.44,2.2,46.5,21,shrub,0.51,0.677,NA,NA,8,4.356603423
af_vacmem_9,af,vacmem,9,1.84,1024.6,556.8478261,3.57,1.8,49.7,27.2,shrub,0.5,0.864,NA,NA,9,5.939748426
af_vibedu_1,af,vibedu,1,3.99,1777.9,445.5889724,4.5,2.5,45.1,17.8,shrub,1.12,0.866,NA,NA,1,3.252771235
af_vibedu_11,af,vibedu,11,2.84,1288,453.5211268,4.46,2.2,43.7,20.1,shrub,1.24,0.898,NA,NA,11,8.950250791
af_vibedu_12,af,vibedu,12,2.4,1003.3,418.0416667,4.69,2.6,44.7,17.1,shrub,1.51,1.345,NA,NA,12,3.661814515
af_vibedu_2,af,vibedu,2,3.15,1590.3,504.8571429,4.5,1.8,45.4,25.6,shrub,0.75,0.822,NA,NA,2,4.497144284
af_vibedu_3,af,vibedu,3,2.83,1039.4,367.2791519,4.81,2.8,44.2,15.9,shrub,1.12,0.744,NA,NA,3,2.97951189
af_vibedu_4,af,vibedu,4,1.91,883,462.3036649,4.26,1.6,46.1,28.7,shrub,0.8,1.085,NA,NA,4,6.691887205
af_vibedu_5,af,vibedu,5,3.61,1773.8,491.3573407,1.06,8.6,169.2,19.6,shrub,1.36,1.067,NA,NA,5,4.871234459
af_vibedu_6,af,vibedu,6,2.57,1206.6,469.4941634,4.81,1.7,45.8,27.2,shrub,2.17,1.392,NA,NA,6,4.75798077
af_vibedu_7,af,vibedu,7,1.8,726,403.3333333,3.77,2,45.3,23.3,shrub,1.18,0.856,NA,NA,7,3.999915784
af_vibedu_8,af,vibedu,8,2.73,1109.9,406.5567766,4.7,1.8,43.8,25.1,shrub,0.85,0.571,NA,NA,8,2.85684451
kl_acegla_1,kl,acegla,1,2.99,1675.9,560.5016722,3.67,3.1,46.7,15.2,tree,4.8,40.8,5.136,4.69,1,2.294947146
kl_acegla_10,kl,acegla,10,3.82,1603.5,419.7643979,4.72,2.2,46.5,21.1,tree,NA,10.6,NA,NA,10,5.242735871
kl_acegla_11,kl,acegla,11,2.47,1308.1,529.5951417,3.89,2.8,46,16.3,tree,8.62,5.3,3.4,2.2,11,3.553449111
kl_acegla_3,kl,acegla,3,2.34,1319.6,563.9316239,4,2,44.7,22.8,tree,4.7,2.546,2.037,NA,3,2.809814646
kl_acegla_4,kl,acegla,4,3.3,1867.4,565.8787879,3.73,2.5,47,19.1,tree,5.09,13.1,NA,NA,4,2.96220677
kl_acegla_5,kl,acegla,5,3.26,1567.6,480.8588957,3.8,2.6,45.9,17.5,tree,10.7,9.6,6.9,NA,5,2.946448277
kl_acegla_6,kl,acegla,6,2.7,1489.3,551.5925926,4.17,1.8,46.7,26.2,tree,5.09,6.1,NA,NA,6,4.840916252
kl_acegla_7,kl,acegla,7,3.41,2004.5,587.829912,3.6,2.2,45.1,20.8,tree,11.87,6.5,8.4,8.1,7,3.587180424
kl_acegla_8,kl,acegla,8,3.15,1495.8,474.8571429,3.64,3.8,46.5,12.1,tree,7.8,6.143,8.48,7.224,8,2.497942163
kl_acegla_9,kl,acegla,9,3.04,1720.7,566.0197368,4.22,1.8,46.9,25.4,tree,5.09,4.034,NA,NA,9,4.376383589
kl_alninc_1,kl,alninc,1,3.54,1663,469.7740113,4.93,2.9,48.6,16.8,shrub,4.52,3.557,2.765,2.058,1,5.386248119
kl_alninc_2,kl,alninc,2,3.12,1359.1,435.6089744,3.8,3.2,47.1,14.9,shrub,4.8,3.575,4.041,3.482,2,4.29301144
kl_alninc_3,kl,alninc,3,3.14,1343.9,427.9936306,4.06,3.5,49.5,14.3,shrub,7.14,8.644,2.392,NA,3,2.748118829
kl_alninc_4,kl,alninc,4,3.31,1391.1,420.2719033,4,3.4,47.4,14.2,shrub,5.09,2.948,3.424,1.496,4,4.244780976
kl_alnvir_10,kl,alnvir,10,2.57,1393.4,542.1789883,4.89,3.3,47.1,14.1,shrub,4.81,4.339,4.582,3.381,10,3.604922337
kl_alnvir_11,kl,alnvir,11,2.58,1369.3,530.7364341,4.18,2.9,47.3,16.3,shrub,4.53,3.174,2.26,2.133,11,4.439693343
kl_alnvir_12,kl,alnvir,12,2.7,1308.1,484.4814815,4.06,2.7,47.1,17.7,shrub,8.7,2.825,2.24,2.688,12,6.529477862
kl_alnvir_2,kl,alnvir,2,2.98,1380,463.0872483,3.51,2.7,46.2,16.9,shrub,3.5,2.833,3.633,3.268,2,2.811437467
kl_alnvir_3,kl,alnvir,3,2.73,1409,516.1172161,3.9,2.5,47.5,18.9,shrub,3.6,1.582,1.764,1.861,3,5.123569242
kl_alnvir_5,kl,alnvir,5,3.41,1519,445.4545455,3.68,2.8,49,17.7,shrub,1.71,1.756,2,1.953,5,5.585834823
kl_alnvir_6,kl,alnvir,6,3.44,1386.6,403.0813953,4.21,3.3,48,14.4,shrub,1.75,2.288,1.396,1.929,6,5.897498097
kl_alnvir_7,kl,alnvir,7,2.54,1285.9,506.2598425,4.33,2.6,48,18.3,shrub,3.15,1.758,2.252,1.074,7,4.855215587
kl_alnvir_8,kl,alnvir,8,2.49,1424.6,572.1285141,3.65,2.7,48.7,18.2,shrub,3.07,1.828,1.296,1.464,8,5.019432295
kl_alnvir_9,kl,alnvir,9,3.9,1844.4,472.9230769,4.38,3.3,48.1,14.5,shrub,4.48,3.809,2.552,2.27,9,4.08981434
kl_amealn_1,kl,amealn,1,2.49,1458.6,585.7831325,3.74,3.3,46.1,14.2,shrub,3.57,3.137,1.981,0.922,1,3.297874554
kl_amealn_10,kl,amealn,10,2.56,1658.6,647.890625,4.38,2.6,46.6,18.2,shrub,2.13,2.259,NA,NA,10,6.18022332
kl_amealn_2,kl,amealn,2,2.51,1578.5,628.8844622,4.44,2.9,45.4,15.9,shrub,5.21,3.368,NA,NA,2,2.797933448
kl_amealn_3,kl,amealn,3,2.88,1842.8,639.8611111,4.4,2.2,46.1,20.8,shrub,5.3,3.835,NA,NA,3,4.451722049
kl_amealn_4,kl,amealn,4,3.68,2392.5,650.1358696,4.61,2.4,45.5,19,shrub,3.81,1.66,1.511,1.539,4,4.736738469
kl_amealn_5,kl,amealn,5,2.31,1422,615.5844156,4.52,2.7,46.4,16.9,shrub,2.34,1.48,NA,NA,5,5.543212109
kl_amealn_6,kl,amealn,6,2.64,1771.6,671.0606061,3.88,2.4,45.7,19.2,shrub,3.5,2.612,NA,NA,6,4.063313009
kl_amealn_7,kl,amealn,7,2.34,1595,681.6239316,3.55,2.4,45,18.8,shrub,2.86,1.931,NA,NA,7,3.036495603
kl_amealn_8,kl,amealn,8,3.38,2204,652.0710059,3.94,2.4,46,19.4,shrub,6.38,3.464,2.252,1.985,8,4.840140283
kl_amealn_9,kl,amealn,9,3.81,2359.4,619.2650919,4.16,2.4,46.2,19.5,shrub,2.18,2.062,NA,NA,9,5.505312469
kl_betpap_10,kl,betpap,10,3.87,2007.2,518.6563307,4.09,2.4,48.2,20.4,tree,12.06,13.3,NA,NA,10,7.305688807
kl_betpap_11,kl,betpap,11,3.38,1989.5,588.6094675,4.1,1.6,47,29,tree,11.28,8.2,NA,NA,11,6.100491227
kl_betpap_12,kl,betpap,12,3.25,1819.4,559.8153846,4.16,2.7,47.9,18.1,tree,7.8,10.4,NA,NA,12,5.045998684
kl_betpap_13,kl,betpap,13,3.87,2221.2,573.9534884,4.62,2,47.6,23.9,tree,18.83,30.3,NA,NA,13,4.97519335
kl_betpap_14,kl,betpap,14,3.81,2288.1,600.5511811,4.54,1.7,44.5,26,tree,14.33,23.3,18.6,NA,14,5.339133946
kl_betpap_3,kl,betpap,3,NA,NA,NA,3.75,2.5,47.9,19.3,NA,NA,NA,NA,NA,NA,NA
kl_betpap_5,kl,betpap,5,3.59,2197.2,612.0334262,4.64,1.7,46.3,26.9,tree,11.73,12.7,7.9,NA,5,6.219416374
kl_betpap_6,kl,betpap,6,2.27,1220,537.4449339,4.39,1.7,45.7,27.1,tree,10.48,9.8,NA,NA,6,5.445776219
kl_betpap_7,kl,betpap,7,3.78,2087.9,552.3544974,3.82,2,48.5,24.9,tree,13.48,11.9,NA,NA,7,6.517720046
kl_betpap_8,kl,betpap,8,4.3,2375,552.3255814,NA,NA,NA,NA,tree,11.28,15.5,NA,NA,8,5.556029583
kl_betpap_9,kl,betpap,9,3.37,1924.7,571.1275964,3.74,2.1,46.6,22.6,tree,13.52,17.1,14.9,9.9,9,3.928208242
kl_corsto_10,kl,corsto,10,2.67,1498.9,561.3857678,4.22,2.2,41.7,19.1,shrub,3.13,3.181,3.748,NA,10,4.973915081
kl_corsto_11,kl,corsto,11,2.04,1017.3,498.6764706,4.83,1.8,43.4,24.1,shrub,2.9,3.79,3.949,1.933,11,3.012943658
kl_corsto_12,kl,corsto,12,2.34,1216.6,519.9145299,NA,NA,NA,NA,shrub,3.34,2.696,NA,NA,NA,NA
kl_corsto_13,kl,corsto,13,3.22,1749.5,543.3229814,3.95,1.7,45.2,26.5,shrub,3.38,2.869,2.002,1.432,13,5.809567566
kl_corsto_2,kl,corsto,2,NA,NA,NA,4.03,1.6,46.3,28.9,NA,NA,NA,NA,NA,2,4.117514149
kl_corsto_3,kl,corsto,3,2.79,1367.9,490.2867384,4.1,1.6,43.3,26.4,shrub,3.52,3.183,2.246,2.11,3,3.741764168
kl_corsto_5,kl,corsto,5,3.47,1645.7,474.2651297,3.87,2,44.7,22,shrub,4.62,2.674,NA,NA,5,3.384769767
kl_corsto_6,kl,corsto,6,3.43,1773.7,517.1137026,3.66,1.8,44.6,24.7,shrub,4.81,3.2,NA,NA,6,5.025166952
kl_corsto_7,kl,corsto,7,3.46,1697.3,490.5491329,4.11,2.4,44.3,18.5,shrub,4.71,4.85,4.612,3.148,7,4.022503281
kl_corsto_8,kl,corsto,8,2.56,1309,511.328125,4.68,2.1,44,20.6,shrub,2.15,1.914,NA,NA,8,5.101446189
kl_corsto_9,kl,corsto,9,2.09,1095.5,524.1626794,4.08,2,44.2,22.6,shrub,2.76,2.39,NA,NA,9,4.68195569
kl_loninv_1,kl,loninv,1,3.35,1815.4,541.9104478,4.41,2.3,43.2,19.2,shrub,1.68,0.992,NA,NA,1,8.479284413
kl_loninv_10,kl,loninv,10,3.67,1825.5,497.4114441,3.54,2,45,22.7,shrub,2,1.889,2.225,1.602,10,3.997368224
kl_loninv_2,kl,loninv,2,3.39,1629.7,480.7374631,4.18,2.1,42.2,20,shrub,1.61,1.102,NA,NA,2,2.867558819
kl_loninv_3,kl,loninv,3,2.18,1454,666.9724771,NA,NA,NA,NA,shrub,2.05,1.256,0.968,NA,3,6.952631315
kl_loninv_4,kl,loninv,4,3.63,1713.5,472.0385675,4.18,1.9,44.5,23.3,shrub,1.39,1.225,NA,NA,4,3.390040015
kl_loninv_5,kl,loninv,5,2.92,1441.7,493.7328767,4.41,1.8,45.5,24.9,shrub,1.02,0.761,NA,NA,5,6.030546271
kl_loninv_6,kl,loninv,6,2.68,1256.4,468.8059701,4.78,1.7,43.8,26.3,shrub,1.3,1.494,NA,NA,6,5.461249186
kl_loninv_7,kl,loninv,7,2.44,1382.3,566.5163934,3.85,2.2,45.7,20.8,shrub,1.4,1.879,NA,NA,7,4.883615628
kl_loninv_8,kl,loninv,8,2.07,1177.3,568.7439614,4.01,3.2,46.4,14.6,shrub,1.66,2.07,1.954,2.223,8,4.480219432
kl_loninv_9,kl,loninv,9,1.98,698.2,352.6262626,4.1,2,44.2,22.4,shrub,1.68,1.234,1.177,0.975,9,4.685211703
kl_popbal_1,kl,popbal,1,3.77,1975.2,523.9257294,4.16,2.3,43,19.1,tree,10.48,14.7,NA,NA,1,4.394283343
kl_popbal_10,kl,popbal,10,3.1,1719,554.516129,4.02,1.5,44.5,29.8,tree,15.62,24,23.5,12.5,10,8.357234929
kl_popbal_11,kl,popbal,11,4.45,2374.2,533.5280899,3.86,1.6,43.3,26.9,tree,15.34,20.1,NA,NA,11,7.367159706
kl_popbal_3,kl,popbal,3,3.37,2126.8,631.0979228,NA,NA,NA,NA,tree,17.57,19.5,NA,NA,NA,NA
kl_popbal_4,kl,popbal,4,4.48,2329,519.8660714,3.94,2.2,45,20.3,tree,19.14,32.6,NA,NA,4,5.9299768
kl_popbal_5,kl,popbal,5,3.88,1986.1,511.8814433,4.24,2.3,43,19.1,tree,17.35,23.2,NA,NA,5,5.654179623
kl_popbal_6,kl,popbal,6,3.76,1897.2,504.5744681,4.1,1.6,45.2,27.5,tree,17.13,18.5,17.5,21.5,6,6.787206189
kl_popbal_7,kl,popbal,7,2.59,1763.7,680.965251,3.55,1.9,42.3,21.8,tree,17.13,25.8,NA,NA,7,4.90410606
kl_popbal_8,kl,popbal,8,4.19,2329.8,556.0381862,3.84,2.4,43.1,17.8,tree,15.08,20.5,NA,NA,8,5.116567132
kl_popbal_8_02,kl,popbal,8_02,NA,NA,NA,4.23,1.7,44.5,26.8,NA,NA,NA,NA,NA,8_02,5.553895427
kl_popbal_9,kl,popbal,9,3.08,1785.3,579.6428571,4.21,1.5,45.4,29.4,tree,6.38,7.2,NA,NA,9,6.833085764
kl_poptre_1,kl,poptre,1,4.07,2089.6,513.4152334,3.55,2.5,48.8,19.5,tree,5.78,2.85,NA,NA,1,4.614159154
kl_poptre_10,kl,poptre,10,3.59,2111.1,588.0501393,3.65,2.3,48.6,21.4,tree,14.71,20,NA,NA,NA,NA
kl_poptre_2,kl,poptre,2,3.66,1849.3,505.273224,3.79,2.6,46.6,18.1,tree,4.62,2.682,NA,NA,2,5.986592234
kl_poptre_3,kl,poptre,3,4.92,2619.2,532.3577236,4.87,2.2,47.5,21.8,tree,7.14,7.2,NA,NA,3,7.59956231
kl_poptre_4,kl,poptre,4,4,2128.2,532.05,3.51,2.5,48.2,19.3,tree,5.09,6.1,NA,NA,4,6.617126004
kl_poptre_5,kl,poptre,5,4.21,2462,584.7980998,3.59,2.1,47.7,22.4,tree,15.87,21.7,NA,NA,5,6.986924568
kl_poptre_6,kl,poptre,6,3.87,2071.9,535.374677,3.98,2,45.3,23,tree,8.62,9.9,NA,NA,6,6.623047345
kl_poptre_7,kl,poptre,7,3.68,1894.7,514.8641304,4.18,2.2,47.6,22.1,tree,10.14,11.8,NA,NA,7,5.841452465
kl_poptre_8,kl,poptre,8,3.51,2152.6,613.2763533,3.82,2.3,48.4,20.9,tree,12.66,13.3,NA,NA,8,7.397197269
kl_poptre_9,kl,poptre,9,3.97,2398.2,604.0806045,3.95,2.4,47.1,19.8,tree,10.42,8.8,NA,NA,NA,NA
kl_rhoalb_1,kl,rhoalb,1,2.52,975.3,387.0238095,4.33,2.5,44.2,17.6,shrub,1.02,1.76,NA,NA,1,2.579736405
kl_rhoalb_10,kl,rhoalb,10,4.02,1637.7,407.3880597,3.86,2.6,44.9,17.4,shrub,1.1,1.392,1.375,NA,10,2.8358489
kl_rhoalb_2,kl,rhoalb,2,2.71,950.1,350.5904059,3.87,3,45.6,15.5,shrub,1.32,1.639,1.279,1.587,2,3.442996635
kl_rhoalb_3,kl,rhoalb,3,3.22,1130.4,351.0559006,4.15,2,45.7,23.2,shrub,1.1,1.228,1.447,1.453,3,4.816820994
kl_rhoalb_4,kl,rhoalb,4,3.48,1411.1,405.4885057,3.96,2,45.7,22.9,shrub,1.33,1.288,1.649,1.187,4,3.951082411
kl_rhoalb_5,kl,rhoalb,5,2.76,1048.4,379.8550725,4.2,2.5,44,17.5,shrub,1.91,1.643,0.999,NA,5,1.924977873
kl_rhoalb_6,kl,rhoalb,6,2.54,953.5,375.3937008,4.12,2.7,45.6,16.6,shrub,2.01,1.744,1.433,0.75,6,1.977400534
kl_rhoalb_7,kl,rhoalb,7,3.05,1125.3,368.9508197,4.2,2.1,43.7,20.4,shrub,1.82,1.742,1.296,1.212,7,2.417512884
kl_rhoalb_8,kl,rhoalb,8,3.15,1302.5,413.4920635,3.88,2.6,44.8,17.5,shrub,1.21,0.985,NA,NA,8,2.919419736
kl_rhoalb_9,kl,rhoalb,9,2.61,984.9,377.3563218,3.67,2.5,46.5,18.4,shrub,1.66,1.901,NA,NA,9,3.213129603
kl_riblac_1,kl,riblac,1,1.23,643.2,522.9268293,3.73,3.3,41,12.5,shrub,1.52,0.648,0.62,NA,1,1.669381776
kl_riblac_10,kl,riblac,10,1.99,1072.8,539.0954774,4.32,2.1,42.1,20.5,shrub,0.5,0.471,NA,NA,10,3.672413281
kl_riblac_11,kl,riblac,11,1.57,1094.5,697.133758,3.59,1.6,44.7,27.8,shrub,1.21,0.742,NA,NA,11,4.460610015
kl_riblac_12,kl,riblac,12,2.1,1170.7,557.4761905,4.14,3.1,42.3,13.9,shrub,1.07,0.655,0.69,NA,12,2.025637644
kl_riblac_13,kl,riblac,13,2.49,1382.6,555.2610442,4.79,3.3,42.2,13,shrub,1.3,0.743,NA,NA,13,2.550063709
kl_riblac_2,kl,riblac,2,1.74,948.3,545,4.22,2.4,41.6,17.4,shrub,1.4,0.592,NA,NA,2,3.757933003
kl_riblac_3,kl,riblac,3,1.59,905.1,569.245283,4.84,2.9,42.7,14.8,shrub,1.22,0.849,NA,NA,3,3.019284301
kl_riblac_7,kl,riblac,7,1.14,565.2,495.7894737,4.44,1.8,40.2,22.8,shrub,0.54,0.337,0.377,NA,7,3.046785299
kl_riblac_8,kl,riblac,8,1.77,1130.7,638.8135593,4.5,1.5,40.9,27.3,shrub,0.86,0.728,NA,NA,8,3.526079966
kl_riblac_9,kl,riblac,9,2.24,1314.7,586.9196429,4.79,1.8,40,21.9,shrub,0.55,0.565,2.422,NA,9,3.790908444
kl_rubpar_1,kl,rubpar,1,2.47,819.7,331.8623482,4.26,2.4,42.5,17.6,shrub,1.09,0.574,0.765,NA,1,2.379678
kl_rubpar_10,kl,rubpar,10,3.7,1459,394.3243243,4.81,2.5,44.6,17.8,shrub,0.98,0.802,0.856,NA,10,3.098625136
kl_rubpar_11,kl,rubpar,11,3.2,1156.3,361.34375,4.68,2.8,43.9,15.4,shrub,0.91,0.727,NA,NA,11,3.235154622
kl_rubpar_12,kl,rubpar,12,2.96,1256.2,424.3918919,4.9,1.8,42.6,23.2,shrub,0.91,0.616,NA,NA,12,3.944655665
kl_rubpar_3,kl,rubpar,3,3.89,1303.3,335.0385604,3.8,2.4,45.3,19.3,shrub,1.29,0.731,NA,NA,3,3.439676184
kl_rubpar_4,kl,rubpar,4,2.96,1147.1,387.5337838,4.33,1.7,42.5,25.1,shrub,0.96,0.69,NA,NA,4,3.133230985
kl_rubpar_6,kl,rubpar,6,2.8,924.7,330.25,3.7,2.1,44.4,21.3,shrub,0.72,0.761,NA,NA,6,3.170050753
kl_rubpar_7,kl,rubpar,7,3.55,1275.7,359.3521127,4.07,2.3,44,19.3,shrub,0.68,0.718,NA,NA,7,3.070689548
kl_rubpar_8,kl,rubpar,8,3.03,820,270.6270627,4.23,1.7,43.2,25,shrub,0.84,0.725,NA,NA,8,3.742556075
kl_rubpar_9,kl,rubpar,9,2.36,884.3,374.7033898,4.04,1.9,42.3,21.8,shrub,0.68,0.655,NA,NA,9,3.287864523
kl_samrac_1,kl,samrac,1,3.84,1059,275.78125,4.08,4.4,48.7,11.1,shrub,1.22,1.469,1.219,1.45,1,3.428377211
kl_samrac_10,kl,samrac,10,4.61,1416.4,307.2451193,3.8,4.4,44.4,10.1,shrub,2.18,2.964,2.145,NA,10,2.458349803
kl_samrac_2,kl,samrac,2,3.1,714.8,230.5806452,4.08,3.3,45,13.8,shrub,2.11,2.409,1.693,2.422,2,2.916403506
kl_samrac_3,kl,samrac,3,3.8,718.8,189.1578947,4.44,4.5,45.5,10.2,shrub,1.95,7.269,NA,NA,3,3.216181888
kl_samrac_4,kl,samrac,4,4.33,1351.7,312.1709007,4.5,4.6,46,10,shrub,1.48,1.575,1.62,1.622,4,3.278328333
kl_samrac_5,kl,samrac,5,4.4,786.6,178.7727273,3.57,6.1,47.3,7.7,shrub,1.6,1.602,2.46,1.759,NA,NA
kl_samrac_6,kl,samrac,6,4.01,1259.4,314.0648379,4.31,3.3,45.5,14,shrub,1.03,1.144,1.027,0.97,6,3.505030014
kl_samrac_7,kl,samrac,7,3.77,1031,273.4748011,4.08,3.1,43.3,13.8,shrub,1.96,2.126,1.138,1.999,7,3.57910511
kl_samrac_8,kl,samrac,8,4.75,1287.4,271.0315789,3.94,4.4,42.5,9.7,shrub,2.24,2.261,2.078,2.694,8,2.909781925
kl_samrac_9,kl,samrac,9,4.09,1701.8,416.0880196,4.23,5.2,45,8.6,shrub,2.11,2.237,2.134,2.128,9,1.967773668
kl_shecan_1,kl,shecan,1,1.91,1007.9,527.6963351,4.38,3.4,47.7,14,shrub,1.48,1.45,NA,NA,1,4.595778816
kl_shecan_2,kl,shecan,2,2.67,1445.9,541.5355805,4.18,3.5,46.2,13.1,shrub,2,3.187,NA,NA,2,4.033133955
kl_shecan_3,kl,shecan,3,3.07,1626.7,529.8697068,4,2.9,42.8,14.7,shrub,2.24,3.704,2.646,NA,3,4.067507346
kl_shecan_4,kl,shecan,4,2.53,1476.6,583.6363636,3.75,2.8,43.3,15.5,shrub,1.71,1.904,1.25,1.185,4,5.274935568
kl_shecan_4_02,kl,shecan,4_02,2.43,1366,562.1399177,4.13,3.2,43.7,13.9,shrub,1.68,3.679,NA,NA,4_02,5.082482485
kl_shecan_5,kl,shecan,5,2.44,1318.1,540.204918,3.64,3.4,48.6,14.5,shrub,2.19,3.985,NA,NA,5,4.719045773
kl_shecan_6,kl,shecan,6,3.07,1490.7,485.5700326,4.75,2.8,43.1,15.6,shrub,1.59,1.401,2.031,2.819,6,6.573717979
kl_shecan_7,kl,shecan,7,2.71,1291.3,476.4944649,4.84,3.2,42.5,13.4,shrub,1.63,2.391,1.753,1.825,7,4.483013437
kl_shecan_8,kl,shecan,8,3.7,1733.7,468.5675676,4.63,2.6,42.4,16.1,shrub,2.04,4.577,NA,NA,8,5.902713716
kl_shecan_9,kl,shecan,9,1.67,927.4,555.3293413,3.76,2.8,43,15.1,shrub,2.37,5.292,NA,NA,NA,NA
kl_sorsco_1,kl,sorsco,1,2.43,1358.6,559.0946502,3.91,1.9,43.5,23.3,shrub,1.76,1.612,NA,NA,1,3.861414494
kl_sorsco_1,kl,sorsco,1,2.43,1403.2,577.4485597,3.91,1.9,43.5,23.3,shrub,1.76,1.612,NA,NA,1,3.861414494
kl_sorsco_10,kl,sorsco,10,3.23,1854.9,574.2724458,3.86,1.8,45.1,24.7,shrub,5.48,2.624,NA,NA,10,3.041509335
kl_sorsco_2,kl,sorsco,2,2.98,1597.8,536.1744966,4.12,2.2,41.8,18.9,shrub,3.82,2.8,NA,NA,2,4.292642314
kl_sorsco_3,kl,sorsco,3,3.17,1644.2,518.6750789,4.14,1.9,42.1,22.4,shrub,2.12,1.456,1.168,0.798,3,3.496084476
kl_sorsco_4,kl,sorsco,4,2.8,1416.4,505.8571429,4.36,1.9,43.9,22.9,shrub,7.48,3.71,NA,NA,4,5.60199079
kl_sorsco_5,kl,sorsco,5,2.47,1242,502.8340081,3.6,2.2,41.7,18.7,shrub,2.51,2.502,NA,NA,5,4.291207048
kl_sorsco_6,kl,sorsco,6,2.99,1403.2,469.2976589,4.34,2.3,42.8,18.4,shrub,2.08,2.564,NA,NA,6,4.999930891
kl_sorsco_7,kl,sorsco,7,3.47,NA,NA,3.66,3.2,44.5,13.7,shrub,2.72,2.247,2.322,2.354,7,4.525192256
kl_sorsco_8,kl,sorsco,8,3.33,1546.3,464.3543544,4.31,2.9,44,15.1,shrub,4.8,4.465,3.745,1.245,8,2.581844151
kl_sorsco_9,kl,sorsco,9,3.11,1552.5,499.1961415,3.74,3.2,44.7,14,shrub,3.37,2.591,NA,NA,9,3.936753366
kl_spibet_10,kl,spibet,10,1.11,633.5,570.7207207,4.94,1.9,45.9,24.3,shrub,0.7,0.51,NA,NA,10,2.687112044
kl_spibet_11,kl,spibet,11,1.21,633.8,523.8016529,3.71,1.9,46.2,24.1,shrub,0.76,4.71,NA,NA,11,3.647226888
kl_spibet_12,kl,spibet,12,0.97,536.2,552.7835052,3.88,1.7,49.6,29.5,shrub,0.63,0.33,NA,NA,12,2.961298334
kl_spibet_3,kl,spibet,3,1.5,742.2,494.8,3.7,1.7,46.3,27.6,shrub,0.58,0.443,NA,NA,3,3.058548799
kl_spibet_4,kl,spibet,4,0.72,352.4,489.4444444,4.52,1.3,47.7,38.3,shrub,0.4,0.316,NA,NA,4,3.576687284
kl_spibet_5,kl,spibet,5,2.01,1012.5,503.7313433,4.69,1.7,47.1,28,shrub,0.72,0.577,NA,NA,5,4.019414328
kl_spibet_6,kl,spibet,6,1.11,486,437.8378378,4.05,1.7,46.1,27.8,shrub,0.54,0.356,NA,NA,6,3.696724102
kl_spibet_7,kl,spibet,7,0.99,450.9,455.4545455,3.78,1.3,46,35.8,shrub,0.58,0.335,1.229,NA,7,4.830397518
kl_spibet_8,kl,spibet,8,1.05,559,532.3809524,3.83,1.8,46.8,25.4,shrub,0.66,0.398,NA,NA,8,3.563021741
kl_spibet_9,kl,spibet,9,0.72,309.2,429.4444444,4.87,1.7,46.4,26.7,shrub,0.55,0.292,NA,NA,NA,NA
kl_symalb_1,kl,symalb,1,1.28,828.9,647.578125,3.61,2,45.8,22.4,shrub,1.43,1.003,0.917,0.985,1,4.024277144
kl_symalb_10,kl,symalb,10,1.05,723.5,689.047619,3.69,2,44.6,22.2,shrub,1.28,0.961,0.93,NA,10,4.149647981
kl_symalb_11,kl,symalb,11,1.21,816.7,674.9586777,3.75,2.1,45.6,21.4,shrub,0.82,0.666,NA,NA,11,4.57453275
kl_symalb_12,kl,symalb,12,1.59,985.6,619.8742138,3.71,1.7,43.7,26.4,shrub,0.79,0.411,NA,NA,12,5.351252002
kl_symalb_2,kl,symalb,2,1.48,778.3,525.8783784,3.67,1.8,44.3,24.9,shrub,1.22,0.837,NA,NA,2,3.372900478
kl_symalb_2_02,kl,symalb,2_02,1.82,1130,620.8791209,4.73,1.9,44.8,23.1,shrub,1.66,1.036,1.069,NA,02_02,4.676445693
kl_symalb_3,kl,symalb,3,2.61,1520.7,582.6436782,4.06,2.2,53.8,24.5,shrub,0.67,0.6,NA,NA,3,4.475862039
kl_symalb_7,kl,symalb,7,2.26,1345.8,595.4867257,4.42,2.2,43,19.8,shrub,0.76,0.566,NA,NA,7,2.542052229
kl_symalb_8,kl,symalb,8,2.1,1070.8,509.9047619,3.88,2.2,44.3,20.6,shrub,1.36,1.033,NA,NA,8,4.273210261
kl_symalb_9,kl,symalb,9,2.75,1539.7,559.8909091,3.66,1.9,43.3,22.9,shrub,0.91,0.842,NA,NA,9,3.586173251
kl_vacmem_1,kl,vacmem,1,1.44,829.23,575.8541667,4.25,1.6,43.1,26.7,shrub,0.66,1.187,NA,NA,1,5.403409851
kl_vacmem_10,kl,vacmem,10,2.56,1467.1,573.0859375,3.61,2.2,45.9,21.1,shrub,0.61,0.777,NA,NA,10,3.43983973
kl_vacmem_11,kl,vacmem,11,2.22,1297.9,584.6396396,4.02,2.1,44.7,21.5,shrub,0.42,0.625,NA,NA,11,2.360802238
kl_vacmem_2,kl,vacmem,2,1.82,996.5,547.5274725,4.14,1.7,45,26.6,shrub,0.92,1.558,NA,NA,2,4.571084032
kl_vacmem_3,kl,vacmem,3,2.67,1427.8,534.7565543,4.79,2.2,44,20.3,shrub,0.91,1.387,NA,NA,3,4.133180571
kl_vacmem_4,kl,vacmem,4,2.77,1609.4,581.0108303,3.76,2.7,42.8,16.1,shrub,0.8,1.102,NA,NA,4,3.29995099
kl_vacmem_5,kl,vacmem,5,1.76,977.6,555.4545455,3.82,2.2,44.6,20.3,shrub,0.79,0.764,NA,NA,5,2.557093782
kl_vacmem_6,kl,vacmem,6,1.82,1068.4,587.032967,4.37,2.2,45.9,20.5,shrub,0.8,1.087,NA,NA,6,3.236300221
kl_vacmem_7,kl,vacmem,7,1.65,954.9,578.7272727,3.96,2.1,45.2,22.1,shrub,0.75,1.143,NA,NA,7,2.91867105
kl_vacmem_8,kl,vacmem,8,2.03,1196.5,589.408867,4.18,1.8,44.5,24.4,shrub,0.65,1.336,NA,NA,8,3.488480665
kl_vacmem_9,kl,vacmem,9,NA,NA,NA,4.37,2.4,45.7,19.1,shrub,0.73,1.148,NA,NA,9,4.040829463
kl_vibedu_1,kl,vibedu,1,2.82,1405.2,498.2978723,3.95,1.6,42.3,26.1,shrub,1.9,1.594,NA,NA,1,3.661159791
kl_vibedu_10,kl,vibedu,10,2.09,940.5,450,3.78,1.9,43,22.6,shrub,2.23,2.912,NA,NA,10,4.49825144
kl_vibedu_2,kl,vibedu,2,1.58,710.3,449.556962,3.97,1.7,44.1,26.1,shrub,0.66,0.609,0.406,NA,2,8.243492033
kl_vibedu_3,kl,vibedu,3,2.67,931.1,348.7265918,4.08,1.7,44.1,25.4,shrub,1.61,1.466,1.157,NA,3,3.0584726
kl_vibedu_4,kl,vibedu,4,2.18,896.9,411.4220183,4.43,1.7,46.2,27.1,shrub,1.82,1.55,1.191,NA,4,4.750765036
kl_vibedu_5,kl,vibedu,5,2.11,822.5,389.8104265,3.83,1.8,45.8,25.8,shrub,1.36,1.704,1.07,NA,5,4.49382958
kl_vibedu_6,kl,vibedu,6,1.83,987,539.3442623,3.9,1.8,43.5,24.5,shrub,1.4,0.888,1.253,NA,6,4.36593277
kl_vibedu_7,kl,vibedu,7,2.7,1331.4,493.1111111,4.45,2.2,45.1,20.1,shrub,1.68,2.137,NA,NA,7,4.294628275
kl_vibedu_8,kl,vibedu,8,0.76,1051.9,1384.078947,4.07,2.1,44.5,21,shrub,1.83,1.484,1.698,1.513,8,5.790485559
kl_vibedu_9,kl,vibedu,9,2.09,1019.1,487.6076555,4.4,1.4,43.8,31.8,shrub,3.1,1.599,1.191,NA,9,5.730261703
mp_acegla_1,mp,acegla,1,2.86,1560.8,545.7342657,4.39,1.7,44.8,25.9,tree,5.54,2.778,5.005,1.585,1,3.095690721
mp_acegla_10,mp,acegla,10,3.13,1416.2,452.4600639,4.28,2.8,46,16.7,tree,6.38,4.7,3.7,NA,10,2.115238955
mp_acegla_10_02,mp,acegla,10_02,2.89,1627.4,563.1141869,NA,NA,NA,NA,tree,5.09,8.2,8.5,11.5,NA,NA
mp_acegla_11,mp,acegla,11,2.71,1378.1,508.5239852,4.29,1.8,45.4,25.4,tree,3.54,2.016,NA,NA,11,3.998976158
mp_acegla_11_02,mp,acegla,NA,NA,NA,NA,NA,NA,NA,NA,NA,NA,NA,NA,NA,11_02,2.481394644
mp_acegla_2,mp,acegla,2,2.98,1350.7,453.2550336,3.63,2.8,47.7,16.9,tree,2.68,1.126,NA,NA,2,4.446604807
mp_acegla_3,mp,acegla,3,3.04,1597.2,525.3947368,4.21,2.5,47,19.2,tree,6.39,3.3,3.4,2.1,3,5.242685966
mp_acegla_4,mp,acegla,4,4.11,1717.7,417.9318735,3.47,2.8,48,17.3,tree,3.36,1.959,1.595,1.44,4,2.638242092
mp_acegla_5,mp,acegla,5,3.6,1783.8,495.5,4.41,2.4,43.9,18.4,tree,4.8,6.2,3.5,3,5,1.956157184
mp_acegla_7,mp,acegla,7,3.12,1601.4,513.2692308,3.91,2.4,46,19.6,tree,6.38,4.482,7.672,7.287,7,2.72879986
mp_acegla_8,mp,acegla,8,2.39,1308.2,547.3640167,3.78,2.4,45.4,18.6,tree,6.38,3.5,NA,NA,8,2.878645753
mp_acegla_9,mp,acegla,9,2.98,1466.7,492.1812081,3.77,2.3,45.5,19.5,tree,4.8,3.3,NA,NA,9,2.364395293
mp_alninc_1,mp,alninc,1,2.75,996,362.1818182,3.8,42,475.6,11.3,shrub,4.94,3,4,3.5,1,3.094717962
mp_alninc_10,mp,alninc,10,3.54,1522.9,430.1977401,3.49,32.8,596.2,18.2,shrub,7.14,6.8,5.9,8.5,10,5.92444388
mp_alninc_2,mp,alninc,2,3.6,1373.3,381.4722222,4.58,4.2,62.9,15.1,shrub,3.14,2.6,3,NA,2,6.476204552
mp_alninc_3,mp,alninc,3,3.58,1452.7,405.7821229,4.26,4.1,64.2,15.7,shrub,6.68,5,5.4,6.1,3,5.279867969
mp_alninc_4,mp,alninc,4,3.72,1556.9,418.5215054,3.76,39.2,491.2,12.5,shrub,4.8,8.1,6.4,NA,4,3.518926761
mp_alninc_5,mp,alninc,5,3.04,1250.4,411.3157895,4.26,40.8,470.2,11.5,shrub,4.47,4,NA,NA,5,2.932553622
mp_alninc_6,mp,alninc,6,3.28,1184.5,361.1280488,4.73,36.7,462.3,12.6,shrub,4.48,5.9,4.8,2.4,6,3.960560545
mp_alninc_7,mp,alninc,7,3.37,1193,354.0059347,4.08,34.1,494.2,14.5,shrub,6.38,5.3,5.8,4,7,5.358861902
mp_alninc_8,mp,alninc,8,3.56,1444.2,405.6741573,4.14,33.2,391.8,11.8,shrub,NA,7.4,5.1,3.4,8,2.998173985
mp_alninc_9,mp,alninc,9,3.8,1570.6,413.3157895,NA,NA,NA,NA,shrub,4.65,2.7,NA,NA,9,2.237896454
mp_alnvir_1,mp,alnvir,1,3.71,1741.8,469.4878706,4.52,35.4,476.5,13.5,shrub,3.39,1.7,1.7,2,1,4.785670308
mp_alnvir_10,mp,alnvir,10,3.4,NA,NA,4.11,2.8,48.4,17.6,shrub,6.64,7.2,10.6,9.6,10,6.161805409
mp_alnvir_2,mp,alnvir,2,3.61,1704.8,472.2437673,4.88,38.1,466.1,12.2,shrub,4.91,3.7,3.1,3.3,2,3.377904082
mp_alnvir_3,mp,alnvir,3,3.75,1597.1,425.8933333,3.5,32.5,488,15,shrub,2.52,2.4,2.5,2,3,4.264712606
mp_alnvir_4,mp,alnvir,4,3.59,1726.1,480.8077994,4.16,22.7,477.8,21.1,shrub,4.74,9.1,NA,NA,4,4.915802456
mp_alnvir_5,mp,alnvir,5,3.25,1449.6,446.0307692,3.62,2.7,48.6,17.9,shrub,3.78,3,2.1,1.7,5,5.75032326
mp_alnvir_6,mp,alnvir,6,3.41,1478.3,433.5190616,4.04,3.6,48.5,13.7,shrub,5.35,6.5,NA,NA,6,3.894098543
mp_alnvir_7,mp,alnvir,7,4.56,2355.8,516.622807,4.62,2.9,47.7,16.5,shrub,5.14,6,5.2,5.1,7,3.9691079
mp_alnvir_8,mp,alnvir,8,3.19,1432.9,449.184953,4.62,4.2,47.8,11.5,shrub,2.85,1.321,NA,NA,8,2.678786867
mp_alnvir_9,mp,alnvir,9,3.36,1586.5,472.172619,4.22,2.2,47.1,21.4,shrub,3.36,2.743,7.978,NA,NA,NA
mp_amealn_1,mp,amealn,1,2.98,1424.6,478.0536913,4.34,4.2,58,13.8,shrub,1.43,1.308,1.324,1.721,1,7.66047934
mp_amealn_10,mp,amealn,10,2.85,1551.27,544.3052632,3.95,3.6,57.7,16.1,shrub,2.97,3.107,NA,NA,10,4.241053863
mp_amealn_11,mp,amealn,11,3.29,1528.6,464.6200608,4.64,2.5,47.7,19.2,shrub,4.41,2.4,2.6,2.7,11,4.880391391
mp_amealn_12,mp,amealn,12,2.75,1586.1,576.7636364,3.85,2.7,44.8,16.9,shrub,4.07,3.4,NA,NA,12,3.252319693
mp_amealn_2,mp,amealn,2,3.12,1869.2,599.1025641,4.15,4.2,58.8,14.1,shrub,0.46,1.374,1.529,1.738,2,4.621974
mp_amealn_3,mp,amealn,3,2.72,1685.1,619.5220588,3.7,2.8,56.5,20.3,shrub,2.83,1.917,2.21,NA,3,5.165203448
mp_amealn_4,mp,amealn,4,2.63,1287.1,489.391635,3.6,4.2,58,13.9,shrub,1.92,1.416,1.342,0.965,4,19.06134823
mp_amealn_5,mp,amealn,5,2.8,1500,535.7142857,3.88,2.9,57.2,19.8,shrub,1.98,1.776,NA,NA,5,4.740282397
mp_amealn_6,mp,amealn,6,3.37,1972.05,585.1780415,3.71,3.9,57.6,14.9,shrub,2.8,2.205,3.361,2.652,6,3.957743626
mp_amealn_7,mp,amealn,7,2.65,1449.8,547.0943396,4.52,3.7,57.2,15.5,shrub,2.29,2.524,3.555,2.519,7,4.336525183
mp_amealn_8,mp,amealn,8,2.91,1825.5,627.3195876,4.01,4,57.5,14.2,shrub,2.46,1.915,1.953,1.72,8,4.511795875
mp_amealn_9,mp,amealn,9,2.61,1433.6,549.2720307,4.14,3.9,58.3,15.1,shrub,2.25,3.767,2.676,3.091,9,5.910678865
mp_corsto_1,mp,corsto,1,2.28,766.9,336.3596491,4.27,3.3,45.7,13.7,shrub,1.86,0.833,NA,NA,1,4.308041998
mp_corsto_10,mp,corsto,10,3.24,1494.8,461.3580247,NA,NA,NA,NA,shrub,3.48,1.574,1.605,1.762,10,4.868899464
mp_corsto_10_02,mp,corsto,10_02,NA,NA,NA,4.2,2.7,49.8,18.2,NA,NA,NA,NA,NA,10_2,0.54624197
mp_corsto_2,mp,corsto,2,3.01,1337,444.1860465,3.98,3,45.9,15.2,shrub,3.85,1.442,0.91,1.092,2,2.401212605
mp_corsto_20,mp,corsto,20,2.97,1221.5,411.2794613,4.62,2.6,50.1,19.3,shrub,4.25,3.336,1.879,NA,20,5.39135281
mp_corsto_3,mp,corsto,3,3.27,1233.8,377.3088685,4.62,2.3,47.3,20.6,shrub,2.97,3.665,NA,NA,3,4.06824883
mp_corsto_5,mp,corsto,5,2.93,1505,513.6518771,3.62,3.2,45.4,14.2,shrub,3.71,2.717,NA,NA,5,2.83811494
mp_corsto_6,mp,corsto,6,3.57,1540.6,431.5406162,4.11,2.4,45.3,19.2,shrub,2.74,1.77,NA,NA,6,2.786293538
mp_corsto_7,mp,corsto,7,2.7,877,324.8148148,3.8,2.5,46.1,18.8,shrub,2.31,1.129,NA,NA,7,2.42486609
mp_corsto_8,mp,corsto,8,3.12,1332.1,426.9551282,4.01,2.8,46.9,16.7,shrub,1.12,1.987,NA,NA,NA,NA
mp_corsto_9,mp,corsto,9,2.84,1359,478.5211268,4.67,2.8,46.2,16.8,shrub,2.02,2.021,NA,NA,9,2.873483083
mp_loninv_10,mp,loninv,10,2.01,856.4,426.0696517,4.15,2.9,50.1,17.2,shrub,1.11,0.655,NA,NA,10,2.996401927
mp_loninv_11,mp,loninv,11,3.4,1261.5,371.0294118,4.85,2.7,49.7,18.1,shrub,2.42,1.834,NA,NA,11,3.454847827
mp_loninv_12,mp,loninv,12,2.52,1045.4,414.8412698,4.83,3.2,51.5,16,shrub,2.88,1.431,NA,NA,12,3.82326748
mp_loninv_13,mp,loninv,13,1.96,789,402.5510204,3.88,2.8,51,18.2,shrub,1.71,1.214,NA,NA,NA,NA
mp_loninv_3,mp,loninv,3,2.53,1036.53,409.6956522,4.39,3.1,52.6,16.8,shrub,1.48,1.643,NA,NA,3,5.217331581
mp_loninv_5,mp,loninv,5,2.46,990.6,402.6829268,3.59,3.3,50.5,15.5,shrub,1.19,1.285,NA,NA,5,3.38229955
mp_loninv_6,mp,loninv,6,3.18,1495.1,470.1572327,4.11,2.5,50.6,20.6,shrub,1,1.17,1.262,1.044,6,3.579530989
mp_loninv_7,mp,loninv,7,2.86,1261.3,441.013986,NA,NA,NA,NA,shrub,2.28,0.961,NA,NA,7,4.234082123
mp_loninv_8,mp,loninv,8,3.05,1258.53,412.6327869,3.9,3.8,53,13.9,shrub,1.05,0.918,0.83,1.072,NA,NA
mp_loninv_9,mp,loninv,9,2.3,921.4,400.6086957,4.13,4.2,52.4,12.5,shrub,1.6,2.275,NA,NA,9,3.317470562
mp_menfer_1,mp,menfer,1,1.41,575.8,408.3687943,3.89,2.9,45.1,15.5,shrub,1.59,1.383,NA,NA,1,1.962090039
mp_menfer_10,mp,menfer,10,1.34,485.1,362.0149254,4.25,2.6,44.8,17,shrub,1.82,1.399,NA,NA,10,2.495798761
mp_menfer_10_02,mp,menfer,10_02,2.92,1130.9,387.2945205,3.72,2.6,44.7,16.9,shrub,1.96,1.674,NA,NA,10_2,2.735495683
mp_menfer_12,mp,menfer,12,3.09,1419.5,459.3851133,4.42,2,43.5,21.9,shrub,2.8,2.475,1.811,1.853,12,2.565717713
mp_menfer_2,mp,menfer,2,2.58,1269.6,492.0930233,3.59,2.2,44.4,20.3,shrub,1.67,1.77,1.768,1.593,2,1.980891225
mp_menfer_4,mp,menfer,4,2.5,1014.5,405.8,3.58,2.4,43.4,18.4,shrub,1.1,2.753,1.886,1.882,4,2.008219537
mp_menfer_5,mp,menfer,5,3.25,1395.6,429.4153846,3.74,2.4,44.9,18.5,shrub,0.89,0.888,NA,NA,5,2.676942798
mp_menfer_6,mp,menfer,6,2.57,1171,455.6420233,3.6,2.5,45.1,17.8,shrub,1.19,1.367,1.451,1.357,6,1.919433149
mp_menfer_7,mp,menfer,7,3.61,1469.6,407.0914127,3.8,2.5,44.5,17.6,shrub,2.05,2.154,1.363,1.866,7,1.665111716
mp_menfer_9,mp,menfer,9,1.62,699.9,432.037037,3.93,3.1,44.7,14.6,shrub,1.55,1.393,NA,NA,9,1.955941085
mp_popbal_10,mp,popbal,10,3.79,1743.4,460,NA,NA,NA,NA,tree,18.45,37.8,NA,NA,10,5.125964932
mp_popbal_10_02,mp,popbal,10_02,NA,NA,NA,4.26,1.8,45.8,25.9,NA,NA,NA,NA,NA,10_02,8.631508523
mp_popbal_11,mp,popbal,11,3.75,1809.3,482.48,3.8,2.5,47.3,19.1,tree,17.97,39.4,NA,NA,11,7.124458027
mp_popbal_12,mp,popbal,12,3.08,1290,418.8311688,3.92,2.2,44.4,20.2,tree,19.81,52.9,NA,NA,12,6.870685871
mp_popbal_13,mp,popbal,13,4.7,2345.5,499.0425532,4.29,1.8,42.1,23.9,tree,34.57,91.9,NA,NA,13,6.373581878
mp_popbal_14,mp,popbal,14,4.4,2199.9,499.9772727,3.61,2.1,50.4,23.9,tree,32.61,54.9,NA,NA,14,6.773161829
mp_popbal_15,mp,popbal,15,4.24,1987.6,468.7735849,3.89,1.6,38.7,24,tree,22.46,22,NA,NA,15,6.328301141
mp_popbal_6,mp,popbal,6,3.31,1464.1,442.326284,4.15,2.3,48.8,21.7,tree,13.48,23.7,NA,NA,6,7.193523498
mp_popbal_7,mp,popbal,7,3.52,NA,NA,3.93,2.7,49.3,18.5,tree,21.1,28.2,27.9,28.9,NA,NA
mp_popbal_8,mp,popbal,8,3.73,1894.1,507.8016086,4.46,2.5,47.8,19.2,tree,16.18,42.2,34.1,NA,8,1.3883104
mp_popbal_9,mp,popbal,9,4.11,2052.3,499.3430657,4.49,1.8,47.1,25.9,tree,16.68,46.6,NA,NA,9,8.561092614
mp_poptre_10,mp,poptre,10,4.43,1960.5,442.5507901,3.76,2.8,51.5,18.6,tree,11.28,14,NA,NA,10,5.603474879
mp_poptre_11,mp,poptre,11,3.85,1933.8,502.2857143,3.8,2.4,51.1,21.6,tree,6.68,4.6,NA,NA,11,6.036200298
mp_poptre_12,mp,poptre,12,3.55,1702.7,479.6338028,3.73,2.5,50.8,20,tree,13.48,23.5,25.6,NA,12,6.082823212
mp_poptre_13,mp,poptre,13,4.15,1914.4,461.3012048,4.21,2.5,51.8,20.9,tree,7.48,13.4,NA,NA,13,6.756520366
mp_poptre_5,mp,poptre,5,4.05,2050.24,506.2320988,3.62,2,51.7,26.5,tree,8.62,15.5,NA,NA,5,6.538829562
mp_poptre_6,mp,poptre,6,3.76,1568.52,417.1595745,4.05,3.1,48.5,15.4,tree,5.48,4.7,NA,NA,6,4.501726987
mp_poptre_7,mp,poptre,7,3.73,1883.81,505.0428954,4.69,2.7,50.2,18.7,tree,9.79,10.5,NA,NA,7,8.007748349
mp_poptre_7_02,mp,poptre,7_02,3.59,1713.61,477.3286908,3.94,2.2,52.1,23.8,tree,15.9,9.4,23.6,21,7_02,4.633318284
mp_poptre_8,mp,poptre,8,3.63,1986.39,547.214876,4.67,2.9,49.7,17.3,tree,14.17,20,NA,NA,8,6.563221139
mp_poptre_9,mp,poptre,9,3.74,1813.82,484.9786096,3.75,2.8,51,18.2,tree,5.09,6.6,NA,NA,9,5.738992636
mp_rhoalb_1,mp,rhoalb,1,3.55,1346.5,379.2957746,4.24,2.1,46.1,22.6,shrub,1.14,1.291,1.328,1.079,1,5.047743746
mp_rhoalb_10,mp,rhoalb,10,3.08,994,322.7272727,3.84,2.5,46.4,18.7,shrub,1.49,1.128,NA,NA,10,2.550495786
mp_rhoalb_11,mp,rhoalb,11,3.8,1271.7,334.6578947,4.36,1.9,46.7,24.2,shrub,1.51,2.873,1.675,2.495,11,4.093243371
mp_rhoalb_12,mp,rhoalb,12,3.27,1040.4,318.1651376,3.92,2.4,46.4,19.1,shrub,1.9,1.171,2.133,1.531,12,2.513247632
mp_rhoalb_2,mp,rhoalb,2,3.12,1120,358.974359,3.64,2.9,45.9,15.8,shrub,0.96,0.943,0.977,0.545,2,2.285870747
mp_rhoalb_3,mp,rhoalb,3,2.54,773.3,304.4488189,4.13,2.5,46.5,18.9,shrub,1.89,1.487,NA,NA,3,3.229121581
mp_rhoalb_4,mp,rhoalb,4,3.93,1473.8,375.0127226,4.25,2.5,45.6,18.4,shrub,1.72,1.53,NA,NA,4,2.496950228
mp_rhoalb_5,mp,rhoalb,5,2.34,781.6,334.017094,3.9,3,44.8,15.1,shrub,1.69,1.204,NA,NA,NA,NA
mp_rhoalb_8,mp,rhoalb,8,3.13,949.7,303.4185304,4.79,2.3,45.8,19.7,shrub,2.25,2.074,2.23,1.48,8,3.700554272
mp_rhoalb_9,mp,rhoalb,9,3.62,1179.7,325.8839779,3.56,2.7,46.4,17.4,shrub,1.44,1.339,NA,NA,9,2.702060171
mp_riblac_1,mp,riblac,1,2.73,1463,535.8974359,3.55,1.9,44.2,23.3,shrub,0.92,0.715,NA,NA,1,4.890152864
mp_riblac_10,mp,riblac,10,3.9,19736,5060.512821,3.63,2.2,43.8,19.8,shrub,0.93,0.76,NA,NA,10,4.511882421
mp_riblac_11,mp,riblac,11,1.66,895.6,539.5180723,3.62,2.2,43.6,20.1,shrub,1.04,0.784,NA,NA,11,2.328186448
mp_riblac_2,mp,riblac,2,3.04,1512.9,497.6644737,4.49,2.8,42.4,14.9,shrub,0.74,0.563,NA,NA,2,2.620616014
mp_riblac_3,mp,riblac,3,2.44,1445.4,592.3770492,3.84,3,43.5,14.7,shrub,1.18,0.839,NA,NA,3,3.469697569
mp_riblac_4,mp,riblac,4,2.17,1367,629.9539171,3.8,2.1,51.9,24.4,shrub,1.28,1.086,NA,NA,4,5.542318829
mp_riblac_5,mp,riblac,5,2.14,1156.4,540.3738318,3.89,2.4,45.2,18.5,shrub,1.83,0.772,NA,NA,5,3.033694032
mp_riblac_6,mp,riblac,6,1.78,997.1,560.1685393,3.96,3,44.8,15.2,shrub,1.79,0.879,NA,NA,6,2.67469069
mp_riblac_7,mp,riblac,7,1.85,1107.5,598.6486486,4.18,2.7,45.2,17,shrub,0.77,0.633,NA,NA,7,3.612214183
mp_riblac_8,mp,riblac,8,2.12,1140.7,538.0660377,3.62,2.7,45.6,17,shrub,0.96,0.572,NA,NA,8,4.278585745
mp_rubpar_1,mp,rubpar,1,2.03,549.5,270.6896552,4.67,2.5,44.4,17.8,shrub,0.87,0.544,NA,NA,1,9.651280245
mp_rubpar_10,mp,rubpar,10,2.46,664.2,270,4.14,3.2,46.4,14.5,shrub,0.97,0.661,NA,NA,10,9.78595939
mp_rubpar_2,mp,rubpar,2,2.91,774.1,266.0137457,3.72,3.8,44.5,11.6,shrub,1.02,8.28,NA,NA,2,2.501311134
mp_rubpar_3,mp,rubpar,3,2.08,396.1,190.4326923,4.02,3.9,45.3,11.7,shrub,0.61,0.474,NA,NA,3,1.837282468
mp_rubpar_4,mp,rubpar,4,1.83,499.5,272.9508197,4.68,3,45.3,15.1,shrub,0.71,0.638,NA,NA,4,8.641435885
mp_rubpar_5,mp,rubpar,5,2.45,874.1,356.7755102,3.97,2.8,46.2,16.6,shrub,0.64,0.697,NA,NA,5,12.78531164
mp_rubpar_6,mp,rubpar,6,3.32,1031.7,310.753012,4.33,3.7,45.3,12.3,shrub,1.69,1.374,NA,NA,6,2.523125101
mp_rubpar_7,mp,rubpar,7,2.37,735.4,310.2953586,4.22,3.2,44.9,13.9,shrub,0.69,0.572,NA,NA,7,2.724362269
mp_rubpar_8,mp,rubpar,8,2.89,920.6,318.5467128,3.96,2.7,45.3,16.8,shrub,0.95,0.572,NA,NA,8,2.477139217
mp_rubpar_9,mp,rubpar,9,2.8,697.2,249,3.72,4.2,44.9,10.6,shrub,1.1,0.687,NA,NA,9,8.424570598
mp_samrac_1,mp,samrac,1,4.13,1440.6,348.8135593,4.42,6,47.8,8,shrub,2.21,4.866,NA,NA,1,2.13029127
mp_samrac_10,mp,samrac,10,3.62,453.7,125.3314917,3.51,3.9,45.6,11.6,shrub,3.32,1.625,1.63,2.083,10,1.870405984
mp_samrac_11,mp,samrac,11,2.72,473.1,173.9338235,3.96,3.9,45.8,11.8,shrub,3.84,1.993,1.6,1.597,11,2.984947522
mp_samrac_2,mp,samrac,2,3.54,623.1,176.0169492,4.08,5.6,46.4,8.3,shrub,1.78,3.977,1.992,3.29,2,3.725417785
mp_samrac_3,mp,samrac,3,3.6,811.8,225.5,4.32,4.2,46.4,11.1,shrub,3.1,2.866,NA,NA,3,2.692477923
mp_samrac_4,mp,samrac,4,2.41,533.1,221.2033195,3.73,5.3,45.6,8.6,shrub,4.41,2.597,NA,NA,4,2.47164509
mp_samrac_5,mp,samrac,5,2.8,574.3,205.1071429,3.58,5.2,47,9,shrub,5.25,8.2,6.3,NA,5,2.098726915
mp_samrac_6,mp,samrac,6,4.47,851.9,190.5816555,3.9,4.3,46.8,10.9,shrub,1.11,1.027,1.68,1.695,6,3.57696337
mp_samrac_7,mp,samrac,7,3.5,809.4,231.2571429,4.77,4.5,45.6,10.1,shrub,2.85,2.208,NA,NA,7,5.314141017
mp_samrac_8,mp,samrac,8,3.09,826.1,267.3462783,4.55,4.2,45.2,10.8,shrub,2.64,1.45,0.942,0.554,8,2.731611803
mp_samrac_9,mp,samrac,9,3.06,665.3,217.4183007,4.68,4.3,46.6,10.9,shrub,2.87,2.349,NA,NA,9,3.256625262
mp_shecan_10,mp,shecan,10,3.62,1897.4,524.1436464,3.79,3.7,46.3,12.7,shrub,1.23,1.894,NA,NA,10,3.575403069
mp_shecan_11,mp,shecan,11,4.1,1952.7,476.2682927,3.85,4.2,46.2,11,shrub,1.39,0.977,0.944,0.443,11,4.145586614
mp_shecan_2,mp,shecan,2,2.6,1221.3,469.7307692,4.33,2.9,45.9,15.7,shrub,1.36,2.271,1.192,1.427,2,6.093999682
mp_shecan_3,mp,shecan,3,3.87,2080.4,537.5710594,NA,NA,NA,NA,shrub,3.17,2.86,NA,NA,NA,NA
mp_shecan_4,mp,shecan,4,3.33,1494.5,448.7987988,4.03,3.3,45.3,13.6,shrub,1.1,0.879,0.801,1.029,4,5.873119564
mp_shecan_5,mp,shecan,5,3.44,1721.3,500.377907,4.25,2.6,46.9,18,shrub,1.53,3.899,NA,NA,5,7.075985221
mp_shecan_6,mp,shecan,6,2.61,1192.5,456.8965517,4.72,3.7,44.9,12.1,shrub,1.5,1.374,1.122,1.033,6,4.762956971
mp_shecan_7,mp,shecan,7,3.44,1720,500,4.67,2.9,45.3,15.5,shrub,1.59,2.479,2,1.823,7,7.282967866
mp_shecan_8,mp,shecan,8,4.27,2408.9,564.1451991,4.46,2.9,45,15.8,shrub,0.8,1.923,NA,NA,8,6.40531789
mp_shecan_9,mp,shecan,9,3.77,1774.7,470.7427056,3.76,2.8,45.9,16.2,shrub,1.38,1.958,NA,NA,9,6.479475431
mp_sorsco_1,mp,sorsco,1,2.86,1249.4,436.8531469,4.7,2.9,42.9,15,shrub,1.95,2.027,1.705,1.72,1,4.62206043
mp_sorsco_10,mp,sorsco,10,3.19,1591.3,498.8401254,3.6,3.1,46.7,15,shrub,2.57,3.132,3.178,2.553,10,4.548253134
mp_sorsco_11,mp,sorsco,11,3.76,1527.6,406.2765957,4.54,3.6,47.7,13.4,NA,NA,NA,NA,NA,11,3.915998589
mp_sorsco_11_b,mp,sorsco,11_b,4.51,1929.6,427.8492239,NA,NA,NA,NA,shrub,5.48,6.1,NA,NA,11_b,5.005039735
mp_sorsco_12,mp,sorsco,12,4.02,1924.7,478.7810945,4.89,2.9,43.7,15.2,shrub,2.55,2.635,3.419,2.95,12,3.649584625
mp_sorsco_12_2,mp,sorsco,12_2,NA,NA,NA,NA,NA,NA,NA,shrub,4.01,3,2.1,NA,NA,NA
mp_sorsco_13,mp,sorsco,13,2.8,1238.4,442.2857143,4,3.5,46.3,13.4,shrub,3.63,3.3,NA,NA,13,4.014769289
mp_sorsco_14,mp,sorsco,14,2.92,1300.4,445.3424658,4.26,2.9,45.6,15.7,shrub,1.77,1.892,NA,NA,14,4.026540065
mp_sorsco_3,mp,sorsco,3,2.22,1095,493.2432432,3.72,2.1,44.5,20.9,shrub,1.23,2.04,1.33,1.297,3,6.546257219
mp_sorsco_4,mp,sorsco,4,4.01,1632.6,407.1321696,3.76,3.1,42.1,13.8,shrub,1.91,2.062,NA,NA,4,3.897370436
mp_sorsco_8,mp,sorsco,8,4,1470.4,367.6,4.39,3.5,43.8,12.5,shrub,3.26,2,2.9,NA,8,5.417614141
mp_spibet_1,mp,spibet,1,0.78,344.6,441.7948718,3.95,2.5,46.9,18.9,shrub,0.26,0.319,NA,NA,1,4.340700095
mp_spibet_10,mp,spibet,10,0.84,352.7,419.8809524,3.71,3,48.3,15.9,shrub,0.43,0.428,NA,NA,10,2.580180056
mp_spibet_2,mp,spibet,2,0.66,288,436.3636364,4.33,1.8,46,26.1,shrub,0.49,0.328,NA,NA,2,4.029263974
mp_spibet_3,mp,spibet,3,0.88,338.9,385.1136364,4,2.1,46.3,21.6,shrub,0.57,0.343,NA,NA,3,5.081758463
mp_spibet_4,mp,spibet,4,0.95,445.9,469.3684211,3.76,2.3,45.3,19.6,shrub,0.45,0.341,NA,NA,4,3.901380906
mp_spibet_5,mp,spibet,5,0.76,252.3,331.9736842,4.49,3.2,48,15.1,shrub,0.68,0.3,NA,NA,5,3.093388662
mp_spibet_6,mp,spibet,6,0.63,279.9,444.2857143,3.19,2.7,47.3,17.3,shrub,0.42,0.286,NA,NA,6,3.089370229
mp_spibet_7,mp,spibet,7,0.81,289.2,357.037037,3.91,2.5,47.7,18.9,shrub,0.67,0.476,NA,NA,7,2.567403433
mp_spibet_8,mp,spibet,8,1.21,424.2,350.5785124,4.53,2.3,46.8,20.7,shrub,0.61,0.332,NA,NA,8,3.251019029
mp_spibet_9,mp,spibet,9,1.21,463.2,382.8099174,3.66,2,47.1,23.5,shrub,0.64,0.36,NA,NA,9,2.848565355
mp_spipyr_1,mp,spipyr,1,1.98,538.5,271.969697,3.81,3,48.4,16.3,shrub,1.32,0.735,NA,NA,1,2.268913355
mp_spipyr_10,mp,spipyr,10,3.09,1537.5,497.5728155,3.74,2.6,48.7,19.1,shrub,1.2,0.635,NA,NA,10,3.178707689
mp_spipyr_2,mp,spipyr,2,1.36,606.8,446.1764706,4.88,2.6,48.6,18.7,shrub,0.85,0.511,NA,NA,2,3.338766467
mp_spipyr_3,mp,spipyr,3,2.78,1384.4,497.9856115,4.72,2.2,48.3,21.6,shrub,0.36,0.774,NA,NA,3,4.454752053
mp_spipyr_4,mp,spipyr,4,1.39,532.8,383.3093525,3.68,2.6,49.6,18.8,shrub,1.45,0.938,NA,NA,4,3.502866568
mp_spipyr_5,mp,spipyr,5,1.31,657.9,502.2137405,4.51,2.2,49.5,22.5,shrub,1,0.616,NA,NA,5,4.473207424
mp_spipyr_6,mp,spipyr,6,2.12,865.3,408.1603774,4.15,2.8,49.4,17.9,shrub,1.44,1.134,NA,NA,6,3.493392902
mp_spipyr_7,mp,spipyr,7,1.3,556.9,428.3846154,4.52,2.5,48.9,19.7,shrub,1.31,1.091,NA,NA,7,3.625668615
mp_spipyr_8,mp,spipyr,8,2.2,805.5,366.1363636,3.6,2.8,48.1,17.1,shrub,1.25,0.848,NA,NA,8,2.233529104
mp_spipyr_9,mp,spipyr,9,2.61,1404.5,538.1226054,4.06,2.2,48.9,22,shrub,0.85,0.815,NA,NA,9,4.04846097
mp_symalb_1,mp,symalb,1,3,1550.1,516.7,3.83,3,45.4,15.2,shrub,1.02,0.65,NA,NA,1,2.739896144
mp_symalb_10,mp,symalb,10,2.41,1269.8,526.8879668,3.65,2.3,47.1,20.2,shrub,0.77,0.636,NA,NA,10,5.686973451
mp_symalb_11,mp,symalb,11,1.87,1040.3,556.3101604,3.87,2,45.2,22.1,shrub,1,0.687,0.778,0.768,11,4.197999938
mp_symalb_3,mp,symalb,3,2.66,1355.5,509.5864662,4.51,2.7,46,17.1,shrub,1,0.701,NA,NA,3,5.855325554
mp_symalb_4,mp,symalb,4,2.31,1331.7,576.4935065,3.55,2.4,45.4,18.7,shrub,1.09,0.582,NA,NA,4,2.526551737
mp_symalb_5,mp,symalb,5,2.3,1128.8,490.7826087,3.61,2.8,45.6,16.5,shrub,0.78,0.616,NA,NA,5,4.192477911
mp_symalb_6,mp,symalb,6,2.21,820.6,371.3122172,4.32,3.2,45.3,14.3,shrub,1.1,0.532,NA,NA,6,3.486306855
mp_symalb_7,mp,symalb,7,2.76,1562.3,566.0507246,4.03,2.4,46.2,19.3,shrub,0.98,0.584,NA,NA,7,3.893978204
mp_symalb_8,mp,symalb,8,2.5,1418.8,567.52,3.59,2,45.1,22.2,shrub,1.46,1.114,NA,NA,8,3.902259423
mp_symalb_9,mp,symalb,9,2.37,1414.5,596.835443,4.01,1.8,45.2,25.7,shrub,0.74,0.804,NA,NA,9,5.69451376
mp_vacmem_1,mp,vacmem,1,2.97,1485.1,500.03367,3.8,2.5,46.9,18.9,shrub,1.01,0.874,NA,NA,1,2.231937353
mp_vacmem_11,mp,vacmem,11,2.61,1188.2,455.2490421,4.6,2.3,46.2,20.5,shrub,0.86,0.869,NA,NA,11,2.860731592
mp_vacmem_12,mp,vacmem,12,3.71,2093.7,564.3396226,4.29,2.5,47,18.9,shrub,0.84,0.714,NA,NA,12,3.101726491
mp_vacmem_3,mp,vacmem,3,2.2,1133.6,515.2727273,4.56,2.1,48.9,23.5,shrub,1.03,1.202,1.169,NA,3,4.337494746
mp_vacmem_4,mp,vacmem,4,2.44,1218.3,499.3032787,4.45,2.3,49.2,21.5,shrub,1.08,1.297,NA,NA,4,3.416965595
mp_vacmem_5,mp,vacmem,5,3.35,1913.8,571.2835821,4,2.2,48.9,22.5,shrub,0.82,0.737,NA,NA,5,7.714464706
mp_vacmem_5_02,mp,vacmem,5_02,3.62,1731.6,478.3425414,NA,NA,NA,NA,shrub,0.99,0.821,NA,NA,NA,NA
mp_vacmem_6,mp,vacmem,6,NA,852.2,NA,NA,NA,NA,NA,NA,NA,NA,NA,NA,NA,NA
mp_vacmem_7,mp,vacmem,7,2.73,1385.9,507.6556777,4.05,2.9,47.4,16.5,shrub,1.13,0.952,NA,NA,7,2.320182079
mp_vacmem_8,mp,vacmem,8,3.46,1853.5,535.6936416,4.04,2.2,46.3,21,shrub,1.07,1.771,NA,NA,8,2.745685159
mp_vacmem_8,mp,vacmem,8,3.46,1853.5,535.6936416,4.04,2.2,46.3,21,shrub,1.07,1.771,NA,NA,8,2.745685159
mp_vacmem_8,mp,vacmem,8,3.46,1853.5,535.6936416,4.04,2.2,46.3,21,shrub,0.7,0.662,NA,NA,8,2.745685159
mp_vacmem_8,mp,vacmem,8,3.46,1853.5,535.6936416,4.04,2.2,46.3,21,shrub,0.7,0.662,NA,NA,8,2.745685159
mp_vacmem_9,mp,vacmem,9,1.38,654.5,474.2753623,4.58,2.5,47.1,18.8,shrub,0.53,0.417,NA,NA,9,3.947026184
mp_vibedu_10,mp,vibedu,10,3,1260.5,420.1666667,3.8,2.6,46.6,18,shrub,2.6,1.248,NA,NA,10,3.110758995
mp_vibedu_12,mp,vibedu,12,1.8,598.2,332.3333333,3.71,2.3,47,20,shrub,1.46,1.087,NA,NA,12,3.270236022
mp_vibedu_13,mp,vibedu,13,3.07,10872,3541.368078,3.91,2.1,44.8,21.4,shrub,2.56,1.306,NA,NA,13,2.412583313
mp_vibedu_14,mp,vibedu,14,2.19,999.1,456.2100457,3.83,2.3,43.9,19.3,shrub,2.61,1.183,2.084,NA,NA,NA
mp_vibedu_2,mp,vibedu,2,2.52,1004.6,398.6507937,4,2.2,45.4,20.8,shrub,2.33,1.22,NA,NA,2,3.099172978
mp_vibedu_4,mp,vibedu,4,3.02,1302.9,431.4238411,3.56,2.9,45.8,15.7,shrub,1.62,10.5,NA,NA,4,2.406549369
mp_vibedu_5,mp,vibedu,5,2.99,1353,452.5083612,4.12,2,46.5,23.6,shrub,4.31,3.931,NA,NA,5,6.788593631
mp_vibedu_7,mp,vibedu,7,3.79,1539.2,406.121372,4.18,2.1,46,22.1,shrub,2.17,1.75,NA,NA,7,2.982381174
mp_vibedu_8,mp,vibedu,8,3.56,1515.8,425.7865169,3.52,2.3,46.7,20.3,shrub,1.72,1.086,NA,NA,8,2.210039421
mp_vibedu_9,mp,vibedu,9,4.34,1823.3,420.1152074,4.22,1.9,46.3,24.1,shrub,1.33,0.879,NA,NA,9,3.240856596
sm_acegla_10,sm,acegla,10,4.1,2287.5,557.9268293,4.11,1.8,40.9,22.3,tree,6.28,24,29.9,14.9,10,3.897057415
sm_acegla_11,sm,acegla,11,4.93,2233.5,453.0425963,3.97,3.4,42.3,12.6,tree,5.09,2.2,NA,NA,11,2.103877828
sm_acegla_13,sm,acegla,13,3.84,1808.8,471.0416667,3.91,2.6,40.5,15.6,tree,9.03,13.6,10.6,4.5,13,2.617774302
sm_acegla_14,sm,acegla,14,4.21,2267,538.47981,4.48,2,40.3,20.1,tree,7.14,0.65,NA,NA,14,3.209622916
sm_acegla_15,sm,acegla,15,3.81,1921,504.1994751,4.05,3,50.4,16.8,tree,12.06,9.9,NA,NA,15,2.645910303
sm_acegla_2,sm,acegla,2,2.56,2745.6,1072.5,3.65,3.1,39.8,12.8,tree,8.62,0.524,NA,NA,2,3.282622427
sm_acegla_3,sm,acegla,3,3,1386.7,462.2333333,4.64,4.3,41.4,9.7,tree,5.09,16.1,9.7,12.6,3,3.356850137
sm_acegla_7,sm,acegla,7,4.34,1650.3,380.2534562,3.9,2.2,38.3,17.2,tree,10.14,7.1,NA,NA,7,2.322592649
sm_acegla_8,sm,acegla,8,2.37,1158.9,488.9873418,3.62,2.1,42.4,20,tree,13.6,1.26,NA,NA,8,3.552312964
sm_acegla_9,sm,acegla,9,2.83,4538.9,1603.85159,3.87,2.3,40.5,17.4,tree,8.41,5,NA,NA,9,3.367642817
sm_alninc_1,sm,alninc,1,5.33,2210.2,414.6716698,4.65,4,49.5,12.3,shrub,5.6,6.1,NA,NA,1,7.078992344
sm_alninc_1_June3,sm,alninc,1_June3,2.13,920.2,432.0187793,NA,NA,NA,NA,shrub,6.77,7.5,NA,NA,1_June3,5.554259178
sm_alninc_19,sm,alninc,19,5.82,2529.8,434.6735395,4.12,2.9,48.5,16.5,shrub,7.8,7.5,6.5,5.3,19,3.23381684
sm_alninc_2,sm,alninc,2,4.94,2328.9,471.437247,3.93,4.1,49.7,12.1,shrub,7.14,8.5,NA,NA,2,2.91317884
sm_alninc_20,sm,alninc,20,5.46,2187,400.5494505,4.55,3.7,48.2,13.2,shrub,9.97,10.9,7.3,6.5,20,2.355678951
sm_alninc_21,sm,alninc,21,3.31,1506.7,455.1963746,3.75,4.1,49,11.8,shrub,9.03,26.4,22.2,24.1,21,2.836881143
sm_alninc_3,sm,alninc,3,5.5,2297.8,417.7818182,3.59,3.2,45.9,14.2,shrub,5.09,6.4,NA,NA,3,3.740845348
sm_alninc_4,sm,alninc,4,5.06,2387.2,471.7786561,4.68,3.3,48.9,14.7,shrub,8.62,6.2,NA,NA,4,4.285235086
sm_alninc_5,sm,alninc,5,5.68,1964.7,345.8978873,4.42,4.2,49.5,11.7,shrub,10.42,7.3,8.3,3.4,5,2.734025946
sm_alninc_8,sm,alninc,8,2,771.2,385.6,3.97,3.5,49,13.8,shrub,8.19,26.9,15.7,11.9,8,2.958143155
sm_alnvir_10,sm,alnvir,10,2.63,1245.1,473.4220532,4.53,4.9,50.5,10.3,shrub,5.22,5,5.7,6.2,10,3.402128327
sm_alnvir_11,sm,alnvir,11,NA,NA,NA,4.48,4.6,47.4,10.2,NA,NA,NA,NA,NA,11,3.853522026
sm_alnvir_17,sm,alnvir,17,2.34,1154.5,493.3760684,3.66,3.5,49.2,14.3,shrub,6.06,3.7,3.4,3,17,3.874164906
sm_alnvir_18,sm,alnvir,18,2.8,1257.9,449.25,4.26,3.4,47.7,13.9,shrub,4.45,3.1,3.5,3.6,18,4.854364969
sm_alnvir_19,sm,alnvir,19,2.35,1164.6,495.5744681,4.86,3.4,48.9,14.6,shrub,3.32,3.445,3.62,2.934,19,5.176983296
sm_alnvir_2,sm,alnvir,2,2.36,1640.9,695.2966102,4.51,4.6,47.8,10.5,shrub,4.13,2.1,2.4,2,2,3.679306012
sm_alnvir_2_2,sm,alnvir,2_2,3.25,1216.1,374.1846154,NA,NA,NA,NA,shrub,5.09,4.5,3.1,3.1,2_2,3.454887951
sm_alnvir_20,sm,alnvir,20,2.83,1339.5,473.3215548,4.42,4.2,47.4,11.2,shrub,1.48,6.5,5.9,5.4,20,3.580962657
sm_alnvir_6,sm,alnvir,6,2.51,1024.4,408.12749,3.88,3.7,50.5,13.8,shrub,2.96,1.221,1.234,1.123,NA,NA
sm_alnvir_8,sm,alnvir,8,2,NA,NA,3.76,3.8,47.2,12.6,shrub,5.09,3.5,4.1,3.5,8,3.095169723
sm_alnvir_9,sm,alnvir,9,2.55,1153.4,452.3137255,3.68,4.7,47.5,10.2,shrub,4.22,5.8,5.3,6.9,9,22.88196645
sm_amealn_1,sm,amealn,1,2.83,1572.8,555.7597173,4.21,3,44.3,14.7,shrub,7.14,6.7,6.3,8.6,1,5.974871661
sm_amealn_10,sm,amealn,10,3.14,1965,625.7961783,4.15,2.5,47,18.5,shrub,2.15,1.66,NA,NA,10,4.049955942
sm_amealn_2,sm,amealn,2,3,1383.6,461.2,4.18,3.4,47.2,13.8,shrub,2.93,2.04,NA,NA,2,3.986942677
sm_amealn_3,sm,amealn,3,1.56,741.6,475.3846154,4.5,3.1,45.5,14.7,shrub,4.8,3,3,3,3,4.213244516
sm_amealn_4,sm,amealn,4,2.93,1619.2,552.6279863,4.65,3.4,47.4,14.1,shrub,4.13,3.1,NA,NA,NA,NA
sm_amealn_5,sm,amealn,5,3.45,1857.9,538.5217391,4.84,3.2,46.1,14.6,shrub,5.6,3.4,NA,NA,5,4.923047305
sm_amealn_6,sm,amealn,6,2.66,1256.3,472.2932331,3.84,3.7,48.4,13.1,shrub,8.11,5.1,4.3,4.1,6,5.452020067
sm_amealn_7,sm,amealn,7,2.73,1429.5,523.6263736,4.39,3,45.8,15.1,shrub,4.13,3.3,NA,NA,7,5.738017381
sm_amealn_8,sm,amealn,8,3.07,1741.3,567.1986971,4.13,3.3,46.3,14.3,shrub,3.2,2.48,NA,NA,8,3.793595033
sm_amealn_9,sm,amealn,9,4.56,2502.8,548.8596491,4.6,2.8,46.6,16.7,shrub,3.54,2.39,NA,NA,9,3.59799154
sm_betpap_1,sm,betpap,1,2.57,1421.1,552.9571984,4.25,2.9,41.8,14.4,tree,11.23,19,NA,NA,1,2.933177322
sm_betpap_10,sm,betpap,10,3.51,1910.1,544.1880342,4.6,3.1,45.8,14.6,tree,12.79,21.9,NA,NA,10,2.874686062
sm_betpap_13,sm,betpap,13,3.88,2006.9,517.242268,3.65,2.6,48.1,18.9,tree,7.14,13.1,NA,NA,13,3.46729168
sm_betpap_2,sm,betpap,2,3.72,2017.8,542.4193548,4.58,3.1,41.2,13.2,tree,12.66,8.6,NA,NA,2,2.545641829
sm_betpap_4,sm,betpap,4,2.63,1922.1,730.8365019,3.88,3,48.3,16.1,tree,11.68,16.9,NA,NA,4,3.079331567
sm_betpap_5,sm,betpap,5,3.09,1541,498.7055016,3.86,3.8,48.8,12.9,tree,11.73,12.7,NA,NA,5,2.98477426
sm_betpap_6,sm,betpap,6,1.91,1045,547.1204188,3.74,4,47.8,12.1,tree,11.12,12.9,NA,NA,6,2.346374603
sm_betpap_7,sm,betpap,7,3.37,1784.2,529.4362018,3.72,3.6,47.7,13.2,tree,9.48,27.3,NA,NA,7,2.453455509
sm_betpap_8,sm,betpap,8,4.12,2440.2,592.2815534,4.16,2.8,47.4,16.9,tree,12.43,30.1,NA,NA,8,3.12501469
sm_betpap_9,sm,betpap,9,3.09,1454.9,470.8414239,4.21,2.8,47,16.5,tree,12.43,21.3,NA,NA,9,2.751483244
sm_corsto_10,sm,corsto,10,1.57,600.2,382.2929936,4.34,2.3,44.7,19.1,shrub,2.27,2,NA,NA,10,2.403106626
sm_corsto_11,sm,corsto,11,3.08,1642.1,533.1493506,3.92,2.1,42.5,20.6,shrub,3,2.26,NA,NA,11,2.579166722
sm_corsto_12,sm,corsto,12,2.7,1140.1,422.2592593,3.74,2.8,45.5,16.1,shrub,2.66,2.005,NA,NA,12,2.701170776
sm_corsto_13,sm,corsto,13,4.32,2121.3,491.0416667,3.7,2.7,49.4,18,shrub,2,1.383,NA,NA,13,3.189859952
sm_corsto_14,sm,corsto,14,2.52,918.8,364.6031746,4.12,1.7,39.4,23.6,shrub,2.5,1.707,NA,NA,14,3.545928354
sm_corsto_2,sm,corsto,2,2.49,1053.1,422.9317269,3.97,3,44.6,15,shrub,1.07,0.879,NA,NA,2,3.342263445
sm_corsto_3,sm,corsto,3,2.53,984.6,389.1699605,4.22,3.6,46,12.9,shrub,1.5,1.214,NA,NA,3,2.952364734
sm_corsto_4,sm,corsto,4,2.77,1169.4,422.166065,3.9,3.3,45.9,13.9,shrub,1.82,1.261,NA,NA,4,2.166598446
sm_corsto_5,sm,corsto,5,4.17,1809.1,433.8369305,3.92,3,45.9,15.5,shrub,1.43,0.873,NA,NA,5,2.3600982
sm_corsto_6,sm,corsto,6,1.71,763,446.1988304,4.21,3,45,15.2,shrub,1.91,1.704,NA,NA,6,3.503030303
sm_corsto_7,sm,corsto,7,3.99,2016.6,505.4135338,3.81,3,46.3,15.3,shrub,2.66,1.415,NA,NA,7,2.29930229
sm_corsto_8,sm,corsto,8,1.39,605.6,435.6834532,4.12,3.4,46.1,13.5,shrub,1.92,1.316,NA,NA,8,2.349377192
sm_loninv_1,sm,loninv,1,2.53,1023.5,404.5454545,3.9,3.9,46.3,11.9,shrub,1.77,1.464,NA,NA,1,3.752648341
sm_loninv_10,sm,loninv,10,NA,450.2,NA,NA,NA,NA,NA,NA,NA,NA,NA,NA,NA,NA
sm_loninv_11,sm,loninv,11,1.52,528.8,347.8947368,4.05,3.4,47.4,14.1,shrub,1.52,2.317,NA,NA,11,4.385350213
sm_loninv_2,sm,loninv,2,1.66,602.7,363.0722892,4.39,4.2,46.5,11,shrub,1.42,0.902,NA,NA,2,3.397542625
sm_loninv_3,sm,loninv,3,2.4,1130.5,471.0416667,4.19,3.4,46.2,13.6,shrub,1.2,0.978,NA,NA,3,2.692309581
sm_loninv_4,sm,loninv,4,2.23,1027.4,460.7174888,4.08,4.7,44.2,9.4,shrub,1.32,1.612,NA,NA,4,2.416037061
sm_loninv_5,sm,loninv,5,1.17,NA,NA,4.42,4.9,46.2,9.4,shrub,2.21,2.573,NA,NA,5,3.2367367
sm_loninv_6,sm,loninv,6,2.41,1008.2,418.340249,3.54,3.3,47.9,14.7,shrub,2.15,2.01,NA,NA,6,3.217214595
sm_loninv_7,sm,loninv,7,4.59,924.7,201.459695,4.27,3,45.5,15,shrub,1.9,1.245,NA,NA,7,3.827106734
sm_loninv_8,sm,loninv,8,2.07,1453.4,702.1256039,4.11,3.8,45.4,11.8,shrub,1.34,0.902,NA,NA,8,2.802919841
sm_loninv_9,sm,loninv,9,1.39,603.1,433.8848921,4.27,3.4,45.2,13.4,shrub,1.83,1.398,NA,NA,9,2.28717107
sm_menfer_10,sm,menfer,10,1.24,547.7,441.6935484,3.74,4.4,48.6,11.2,shrub,1.1,1.382,1.372,0.939,10,1.855986711
sm_menfer_11,sm,menfer,11,1.07,482.4,450.8411215,4.06,3.1,47.4,15.1,shrub,2.17,1.529,1.663,1.468,11,1.950062284
sm_menfer_12,sm,menfer,12,1.17,555.2,474.5299145,3.78,3.4,46.9,14,shrub,2.21,1.847,1.72,1.98,12,2.220915775
sm_menfer_13,sm,menfer,13,1.47,656.7,446.7346939,4.3,4.1,48.8,11.9,shrub,2.04,1.813,1.592,1.434,13,2.169305402
sm_menfer_14,sm,menfer,14,1.24,562.8,453.8709677,3.99,4.4,47.8,10.9,shrub,1.79,2.498,1.839,1.784,14,2.22094959
sm_menfer_4,sm,menfer,4,1.65,676.6,410.0606061,3.67,4,48.7,12.3,shrub,1.6,1.935,1.685,1.637,4,2.004393081
sm_menfer_6,sm,menfer,6,1.92,825.7,430.0520833,4.33,3.5,45.2,12.9,shrub,1.9,1.233,0.997,0.934,6,1.969925721
sm_menfer_7,sm,menfer,7,1.51,NA,NA,3.71,4.4,46.9,10.7,shrub,2.01,1.78,1.255,1.323,7,1.700520656
sm_menfer_8,sm,menfer,8,2.4,1072.9,447.0416667,4.46,4.5,47.7,10.6,shrub,2.78,2.532,1.865,2.672,8,2.823122133
sm_menfer_9,sm,menfer,9,2.1,NA,NA,4.49,3.8,48.3,12.7,shrub,2.68,3.023,3.151,2.584,9,3.458869488
sm_popbal_1,sm,popbal,1,3.59,1634.6,455.3203343,3.69,4,46.2,11.6,tree,3.18,2,NA,NA,1,2.454325115
sm_popbal_10,sm,popbal,10,2.76,1276.1,462.3550725,3.72,2.9,47,16.5,tree,15.87,15.9,NA,NA,10,3.646394928
sm_popbal_11,sm,popbal,11,3.29,1649.7,501.4285714,3.89,2.5,48.8,19.2,tree,14.17,12.8,23.3,NA,11,4.008327342
sm_popbal_12,sm,popbal,12,3.22,1545.5,479.9689441,4.35,2.6,47.4,18.2,tree,13.1,25.5,24.4,23.3,12,5.181729767
sm_popbal_20,sm,popbal,20,3.48,1471.9,422.9597701,4.2,3.8,48.4,12.8,tree,19.37,28.2,NA,NA,20,3.175483246
sm_popbal_3,sm,popbal,3,4.26,1949.3,457.5821596,4.06,3.5,46.9,13.2,tree,19.37,37,NA,NA,3,4.403005847
sm_popbal_5,sm,popbal,5,2.73,1372,502.5641026,4.49,3.2,46.9,14.8,tree,27.17,88.9,NA,NA,5,5.093022458
sm_popbal_6,sm,popbal,6,3.25,1263.1,388.6461538,3.97,3.4,45.8,13.4,tree,18.45,53.2,NA,NA,6,4.181447603
sm_popbal_8,sm,popbal,8,3.94,2067.1,524.6446701,3.97,2.7,48,18,tree,8.11,11.1,NA,NA,8,3.436086671
sm_popbal_9,sm,popbal,9,2.78,1281.4,460.9352518,4.05,3.4,46.2,13.8,tree,23.41,53.4,NA,NA,9,4.053508269
sm_poptre_1,sm,poptre,1,NA,NA,NA,4.01,3.7,47.4,12.9,NA,NA,NA,NA,NA,NA,NA
sm_poptre_11,sm,poptre,11,5.28,2393.3,453.2765152,3.93,4.7,36.4,7.8,tree,6.77,10.9,NA,NA,11,8.444086202
sm_poptre_12,sm,poptre,12,5.83,2452,420.5831904,3.68,4.3,38,8.9,tree,6.38,13.7,NA,NA,12,8.146773253
sm_poptre_13,sm,poptre,13,5.73,2815.2,491.3089005,3.61,4.1,38.6,9.5,tree,12.97,27.4,NA,NA,13,7.386483929
sm_poptre_15,sm,poptre,15,4.3,2162.9,503,4.36,6.2,38.4,6.2,tree,5.6,8,NA,NA,15,4.206315358
sm_poptre_16,sm,poptre,16,3.7,1924.1,520.027027,4.4,5.8,38.1,6.5,tree,11.73,17.1,NA,NA,16,4.154824849
sm_poptre_17,sm,poptre,17,2.83,1389.9,491.130742,4.74,5.3,48,9.1,tree,7.22,7.5,NA,NA,17,3.265972434
sm_poptre_18,sm,poptre,18,2.69,1298.3,482.6394052,4.35,3.8,47.4,12.4,tree,6.38,5.9,NA,NA,18,4.518293148
sm_poptre_19,sm,poptre,19,2.85,1455.1,510.5614035,4.03,3.7,50.2,13.5,tree,7.48,12.6,NA,NA,19,4.481538953
sm_poptre_2,sm,poptre,2,3.33,1623.6,487.5675676,4.49,3,36.7,12.3,tree,8.41,10.7,NA,NA,2,5.324126773
sm_poptre_3,sm,poptre,3,3.65,1844,505.2054795,4.53,3,36.4,12.1,tree,6.77,7.2,NA,NA,3,5.443139756
sm_poptre_4,sm,poptre,4,3.57,1804.7,505.5182073,3.76,5.6,38.7,6.9,tree,13.52,26,8.8,119.2,4,4.910963542
sm_poptre_5,sm,poptre,5,2.74,1337.7,488.2116788,4.88,5.4,37.5,6.9,tree,5.35,9.5,NA,NA,5,4.842218681
sm_poptre_7,sm,poptre,7,4.02,1987,494.278607,4.08,4.9,34.8,7.2,tree,6.38,7.2,NA,NA,7,6.673427953
sm_riblac_10,sm,riblac,10,2.15,1145.3,532.6976744,4.59,3.7,48.5,13.1,shrub,1.13,0.613,NA,NA,NA,NA
sm_riblac_11,sm,riblac,11,2.32,1547.8,667.1551724,4.22,3.2,44.9,14.2,shrub,0.95,0.706,NA,NA,11,1.884974483
sm_riblac_12,sm,riblac,12,1.39,811.6,583.8848921,4.37,2.3,45.5,20.2,shrub,1.03,0.934,NA,NA,12,3.636940568
sm_riblac_12_02,sm,riblac,12_02,1.25,757.9,606.32,4.65,3.5,43.9,12.6,shrub,0.76,0.597,NA,NA,12_02,2.434177639
sm_riblac_2,sm,riblac,2,1.91,1029.2,538.8481675,4.02,2.4,47.5,20,shrub,1.56,1.591,1.392,3.043,2,5.509320245
sm_riblac_3,sm,riblac,3,2.53,1312.3,518.6956522,4.01,2.3,47.3,20.5,shrub,1.91,1.315,1.479,1.553,3,4.304916925
sm_riblac_5,sm,riblac,5,1.66,766.8,461.9277108,3.65,3.4,48.2,14.3,shrub,1.45,1.021,NA,NA,5,2.626805468
sm_riblac_6,sm,riblac,6,1.72,1061,616.8604651,3.79,2.5,45.9,18.6,shrub,1.13,0.838,NA,NA,6,2.879955859
sm_riblac_7,sm,riblac,7,1.21,546.4,451.5702479,4.01,2.7,44.3,16.4,shrub,1.48,0.816,NA,NA,7,2.277888769
sm_riblac_9,sm,riblac,9,NA,1012.7,NA,3.76,3.3,45.3,13.9,shrub,1.48,0.678,NA,NA,9,3.135957901
sm_rubpar_1,sm,rubpar,1,1.98,521.8,263.5353535,3.79,4.9,46.3,9.5,shrub,0.87,0.87,NA,NA,1,2.418958753
sm_rubpar_10,sm,rubpar,10,2.2,843.2,383.2727273,4.29,3.2,46,14.5,shrub,0.66,NA,NA,NA,10,2.887972422
sm_rubpar_2,sm,rubpar,2,1.54,306.9,199.2857143,3.64,3.9,45.6,11.7,shrub,0.99,0.723,NA,NA,2,2.88066349
sm_rubpar_3,sm,rubpar,3,2.31,599.9,259.6969697,4.42,4.1,45.9,11.3,shrub,0.9,0.703,NA,NA,3,2.040164748
sm_rubpar_4,sm,rubpar,4,2.04,554.7,271.9117647,4.14,2.6,46,18,shrub,0.94,0.7,NA,NA,4,3.153648034
sm_rubpar_5,sm,rubpar,5,3.43,1014.9,295.8892128,3.76,3,45.9,15.2,shrub,1.02,0.92,NA,NA,5,2.968169962
sm_rubpar_6,sm,rubpar,6,2.55,831.3,326,3.92,4.2,45.4,10.8,shrub,0.79,0.65,NA,NA,6,3.05528507
sm_rubpar_7,sm,rubpar,7,4.09,1194.9,292.1515892,4.77,3.1,46.3,14.9,shrub,0.89,NA,NA,NA,7,2.900747993
sm_rubpar_8,sm,rubpar,8,1.72,447.8,260.3488372,4.13,2.8,47.3,17.2,shrub,0.74,0.647,NA,NA,8,2.618202323
sm_rubpar_9,sm,rubpar,9,2.67,689.1,258.0898876,4.7,2.6,45.9,17.9,shrub,0.8,0.602,NA,NA,9,2.944114896
sm_samrac_10,sm,samrac,10,3.64,696.9,191.456044,3.91,6,44.2,7.3,shrub,2.79,3.973,3.728,3.201,10,2.213388576
sm_samrac_11,sm,samrac,11,3.42,852.8,249.3567251,4.46,5.7,44.1,7.8,shrub,2.76,2.535,3.319,2.42,11,2.917327081
sm_samrac_2,sm,samrac,2,2.74,714.3,260.6934307,3.67,6.3,49.2,7.8,shrub,2.76,2.857,4.518,4.988,2,2.354633511
sm_samrac_3,sm,samrac,3,1.73,351.5,203.1791908,4.17,7.1,45.6,6.4,shrub,1.86,3.244,NA,NA,3,3.148800156
sm_samrac_4,sm,samrac,4,3.34,886,265.2694611,4.22,6.5,44,6.8,shrub,1.87,3.972,NA,NA,4,2.09866905
sm_samrac_5,sm,samrac,5,2.51,545.1,217.1713147,3.75,4.8,46.5,9.6,shrub,1.85,1.916,3.356,NA,5,3.608692765
sm_samrac_6,sm,samrac,6,2.29,627.8,274.1484716,4.22,4.4,44,9.9,shrub,1.81,2.554,1.941,1.938,6,3.006032345
sm_samrac_7,sm,samrac,7,2.28,513,225,3.69,4.8,45.6,9.4,shrub,2.08,4.739,3.948,2.963,7,2.805199048
sm_samrac_8,sm,samrac,8,2.4,791.2,329.6666667,4.24,5,45.8,9.2,shrub,2.1,3.018,2.132,2.739,8,2.98310636
sm_samrac_9,sm,samrac,9,2.9,710.5,245,4.5,4.3,46.3,10.8,shrub,0.45,1.843,1.948,NA,9,3.420235138
sm_shecan_1,sm,shecan,1,1.65,900.2,545.5757576,4.27,6.7,33.9,5.1,shrub,1.25,2.468,NA,NA,1,4.440418576
sm_shecan_10,sm,shecan,10,2.56,1152.6,450.234375,4.31,4.5,45.8,10.2,shrub,2.25,3.436,NA,NA,10,3.636491637
sm_shecan_11,sm,shecan,11,1.61,850.9,528.5093168,3.62,3.1,46.9,15,shrub,1.64,1.768,NA,NA,11,6.278193765
sm_shecan_12,sm,shecan,12,2.54,1432.1,563.8188976,4.71,3.8,45.6,12.2,shrub,1.22,1.241,NA,NA,12,5.303921517
sm_shecan_16,sm,shecan,16,1.65,753.4,456.6060606,4.92,4.2,45.9,11.1,shrub,1.74,26.7,NA,NA,16,5.947673511
sm_shecan_5,sm,shecan,5,2.15,1109.5,516.0465116,3.63,6.7,38.1,5.7,shrub,1.28,1.483,1.26,1.311,5,3.897377957
sm_shecan_6,sm,shecan,6,3.04,1685.6,554.4736842,3.61,5.7,36.6,6.4,shrub,1.36,2.627,NA,NA,6,4.020886823
sm_shecan_7,sm,shecan,7,2.6,1191.4,458.2307692,4.52,4.4,35.2,7.9,shrub,1.81,1.935,NA,NA,7,6.416156847
sm_shecan_8,sm,shecan,8,2.53,1363.9,539.0909091,3.87,4.1,45.5,11.1,shrub,1.38,2.125,NA,NA,8,4.615849443
sm_shecan_9,sm,shecan,9,2.64,1288.5,488.0681818,4.34,4.4,45.9,10.5,shrub,1.91,3.968,NA,NA,9,4.110015387
sm_sorsco_1,sm,sorsco,1,4.62,2382,515.5844156,3.84,3.7,46.5,12.5,shrub,5.56,3.8,NA,NA,1,4.066248924
sm_sorsco_10,sm,sorsco,10,3.52,1275.2,362.2727273,4.22,4.6,45.1,9.7,shrub,2.71,3.7,5.6,4.8,10,6.246134976
sm_sorsco_11,sm,sorsco,11,2.6,927.2,356.6153846,3.84,3.4,44.2,13.2,shrub,5.09,6.3,NA,NA,11,4.058089603
sm_sorsco_12,sm,sorsco,12,3.22,1287.9,399.9689441,3.63,4,49.6,12.5,shrub,3.34,2.9,4,NA,12,3.594426784
sm_sorsco_12_02,sm,sorsco,12_02,3.25,1234,379.6923077,4.33,4.1,44.8,10.9,shrub,5.48,3.7,5.7,3.5,12_02,5.542710541
sm_sorsco_4,sm,sorsco,4,4.79,2080.5,434.34238,3.85,3.7,46.3,12.7,shrub,2,1.74,NA,NA,4,3.300755693
sm_sorsco_5,sm,sorsco,5,2.57,1097.9,427.1984436,3.82,3.4,44.6,13.2,shrub,2.3,1.738,NA,NA,5,2.77228728
sm_sorsco_6,sm,sorsco,6,2.61,1284.9,492.2988506,3.9,4,46.8,11.7,shrub,4.5,2.1,NA,NA,6,3.77697555
sm_sorsco_7,sm,sorsco,7,2.65,998.9,376.9433962,4.13,4,44.6,11.2,shrub,4.8,2.628,NA,NA,7,3.68676481
sm_sorsco_9,sm,sorsco,9,3.06,1171.5,382.8431373,4.66,4.3,46.1,10.7,shrub,5.6,6.1,6.9,6.6,9,5.022141805
sm_spibet_1,sm,spibet,1,0.81,349.9,431.9753086,3.96,3,46.5,15.6,shrub,0.49,NA,NA,NA,1,2.156068429
sm_spibet_10,sm,spibet,10,0.83,280.8,338.313253,4.22,2.8,45.9,16.6,shrub,0.76,NA,NA,NA,10,2.584787186
sm_spibet_2,sm,spibet,2,0.86,384.2,446.744186,4.37,3,46.7,15.8,shrub,0.51,NA,NA,NA,2,2.204451064
sm_spibet_3,sm,spibet,3,1.46,730.2,500.1369863,4.37,2.4,46,19,shrub,0.58,NA,NA,NA,3,2.369383651
sm_spibet_4,sm,spibet,4,1.15,509.5,443.0434783,3.72,3.2,47.1,14.7,shrub,0.55,NA,NA,NA,4,1.681854671
sm_spibet_5,sm,spibet,5,1.56,714.1,457.7564103,4.74,2.3,46.5,20,shrub,0.66,NA,NA,NA,5,3.000201323
sm_spibet_6,sm,spibet,6,1.26,508.6,403.6507937,4.35,3.4,47.3,14.1,shrub,0.77,NA,NA,NA,6,2.432977123
sm_spibet_7,sm,spibet,7,1.06,318.4,300.3773585,4.13,3.4,47.4,13.8,shrub,0.9,NA,NA,NA,7,1.844336029
sm_spibet_8,sm,spibet,8,2.07,1071.3,517.5362319,3.84,3.8,46.6,12.4,shrub,0.65,NA,NA,NA,8,1.779275221
sm_spibet_9,sm,spibet,9,1.12,552.3,493.125,3.81,3.8,46.3,12.3,shrub,0.62,NA,NA,NA,9,1.611989925
sm_spipyr_1,sm,spipyr,1,1.36,601.9,442.5735294,4.74,3.1,47.4,15.4,shrub,1.01,0.838,NA,NA,1,2.478504188
sm_spipyr_10,sm,spipyr,10,1.96,676.6,345.2040816,3.94,3.7,48.4,13.1,shrub,1.04,0.513,NA,NA,10,2.268440054
sm_spipyr_2,sm,spipyr,2,2.33,978.7,420.0429185,3.67,2.9,47.3,16.4,shrub,0.87,0.674,NA,NA,2,2.750925145
sm_spipyr_3,sm,spipyr,3,2.15,800.6,372.372093,3.54,3.6,47.6,13.2,shrub,1,0.82,NA,NA,3,2.16691256
sm_spipyr_4,sm,spipyr,4,1.67,878.9,526.2874251,4.04,3.6,46.6,13.1,shrub,0.68,0.562,NA,NA,4,2.123786216
sm_spipyr_5,sm,spipyr,5,1.24,610.1,492.016129,3.77,3.4,47.8,14,shrub,0.91,0.647,NA,NA,5,2.141135948
sm_spipyr_6,sm,spipyr,6,1.36,638,469.1176471,4.01,3.2,47.9,14.9,shrub,0.96,0.585,NA,NA,NA,NA
sm_spipyr_7,sm,spipyr,7,1.13,462.3,409.1150442,4.3,4,48.4,12.1,shrub,0.73,0.625,NA,NA,7,1.791996221
sm_spipyr_8,sm,spipyr,8,0.97,352.1,362.9896907,4.55,4.2,46.8,11.1,shrub,0.12,0.658,NA,NA,8,1.862009513
sm_spipyr_9,sm,spipyr,9,1.17,522,446.1538462,3.99,3.8,48.9,12.9,shrub,1.36,0.972,NA,NA,9,2.417216738
sm_symalb_11,sm,symalb,11,2.03,1008.5,496.7980296,4.77,3.4,45.4,13.2,shrub,1.27,1.27,NA,NA,11,2.512942808
sm_symalb_12,sm,symalb,12,2.57,1449.5,564.0077821,4.49,2.5,46.2,18.5,shrub,1.08,0.735,NA,NA,12,7.478410298
sm_symalb_12_02,sm,symalb,12_02,1.46,720.7,493.630137,NA,NA,NA,NA,shrub,0.88,0.748,NA,NA,12_02,3.320104302
sm_symalb_2,sm,symalb,2,1.81,100.8,55.69060773,4.25,4.8,47.5,10,shrub,1.55,1.607,1.718,1.932,2,3.452228122
sm_symalb_4,sm,symalb,4,0.83,433.2,521.9277108,3.55,3.2,47,14.7,shrub,1.39,1.14,NA,NA,4,3.688817619
sm_symalb_5,sm,symalb,5,1.54,778.2,505.3246753,3.9,2.7,47,17.7,shrub,1.05,1.099,NA,NA,5,5.99650233
sm_symalb_6,sm,symalb,6,2.42,1347.2,556.6942149,4.14,3.1,46.5,15,shrub,1.39,1.217,NA,NA,6,3.39778893
sm_symalb_7,sm,symalb,7,2.65,1485.9,560.7169811,4.19,2.6,47.5,18.6,shrub,1.49,1.176,0.956,NA,7,5.133844712
sm_symalb_8,sm,symalb,8,1.68,926.8,551.6666667,3.7,2.7,47.2,17.7,shrub,1.28,1.178,NA,NA,8,4.128137057
sm_symalb_9,sm,symalb,9,0.96,477.5,497.3958333,3.82,2.5,45.9,18.7,shrub,1.14,0.915,NA,NA,9,4.554572151
sm_vacmem_1,sm,vacmem,1,2.2,1239.3,563.3181818,3.72,3.2,21.5,6.8,shrub,0.69,0.73,NA,NA,1,1.774755574
sm_vacmem_10,sm,vacmem,10,2.65,1494.9,564.1132075,4.15,2.7,36.9,13.8,shrub,0.57,0.772,NA,NA,10,2.97736229
sm_vacmem_2,sm,vacmem,2,2.3,1195,519.5652174,4.26,2.9,39,13.6,shrub,0.76,0.785,NA,NA,2,1.389365747
sm_vacmem_3,sm,vacmem,3,2.35,1234.4,525.2765957,4.49,2.7,36.9,13.5,shrub,0.65,0.692,NA,NA,3,0.276383147
sm_vacmem_4,sm,vacmem,4,1.8,869.8,483.2222222,4.06,2.7,36.1,13.4,shrub,0.76,0.846,NA,NA,4,2.787141786
sm_vacmem_5,sm,vacmem,5,1.8,956.8,531.5555556,4.29,2.8,36.5,13.1,shrub,0.56,0.665,NA,NA,5,1.674291553
sm_vacmem_6,sm,vacmem,6,1.2,672.4,560.3333333,3.79,2.3,35.8,15.3,shrub,0.6,0.475,NA,NA,6,1.563121674
sm_vacmem_7,sm,vacmem,7,1.91,1002,524.6073298,4.24,2.8,35.2,12.6,shrub,0.47,0.44,NA,NA,7,1.680435514
sm_vacmem_8,sm,vacmem,8,3.02,879.3,291.1589404,4.02,2.4,35.3,14.9,shrub,0.61,0.748,NA,NA,8,1.731222228
sm_vacmem_9,sm,vacmem,9,2.7,1358.9,503.2962963,4.01,2.3,37.1,15.9,shrub,0.55,0.878,NA,NA,9,3.754855377
sm_vibedu_1,sm,vibedu,1,4.81,1992.4,414.2203742,3.86,2.6,45.5,17.5,shrub,1.08,0.768,NA,NA,1,3.075909829
sm_vibedu_10,sm,vibedu,10,5.14,2321.1,451.5758755,3.9,2.9,48.4,16.7,shrub,1.43,8.73,NA,NA,10,3.177979303
sm_vibedu_11,sm,vibedu,11,2.83,925.2,326.9257951,4.72,4.2,48,11.4,shrub,1.97,1.004,NA,NA,11,2.587316671
sm_vibedu_12,sm,vibedu,12,6.43,2937.8,456.8895801,3.92,3,47.6,15.9,shrub,1.6,1.37,NA,NA,12,3.909260301
sm_vibedu_19,sm,vibedu,19,2.55,1197,469.4117647,4.03,1.7,47.3,27.2,shrub,1.91,1.669,NA,NA,19,3.647350309
sm_vibedu_20,sm,vibedu,20,3.05,1235.7,405.147541,3.89,2.3,46.7,20.2,shrub,1.94,1.913,NA,NA,20,4.081113296
sm_vibedu_5,sm,vibedu,5,2.43,1064.3,437.9835391,3.84,3.6,47.5,13.2,shrub,1.44,0.659,NA,NA,5,2.807160247
sm_vibedu_7,sm,vibedu,7,5.18,2420.6,467.2972973,4.26,2.7,47.6,18,shrub,2.35,1.72,NA,NA,7,4.72632618
sm_vibedu_8,sm,vibedu,8,2.61,1097.7,420.5747126,4.41,2.4,48.5,20.6,shrub,1.32,0.898,NA,NA,8,4.433351663
sm_vibedu_9,sm,vibedu,9,6.78,3241.2,478.0530973,4.08,2.9,49.6,17.2,shrub,1.76,1.26,NA,NA,9,2.880879897